Property Name,Portfolio Manager ID,State/Province,Postal Code,Year Built,Gross Floor Area
"AK0000AA - FEDERAL BLDG, USCT",2999292,Alaska,99513,1976,727348
AK0000AB - USBS DALTON CACHE,20597,Alaska,99827,1979,17927
AK0000AH - USBS ALCAN,2629904,Alaska,997809800,1973,43166
AK0001ZZ - ANCHORAGE FED BLDG,20600,Alaska,99501,1940,101976
AK0005AK - Ketchikan FB,20599,Alaska,99901,1938,41652
AK0013ZZ - HURFF A. SAUNDERS FB-CTHS,2629908,Alaska,99801,1966,335822
AK0029ZZ - FAIRBANKS FED BLDG,2629910,Alaska,997016236,1977,200468
AK0032AA - Anchorage Federal Building U.S. Courthouse Annex,2536762,Alaska,99513,1976,75289
AK0514ZZ - PETERSBURG FED BLDG,2629911,Alaska,998339800,1972,11318
AK0526ZZ - USBS SKAGWAY,2629912,Alaska,998409800,1994,5016
AL0000AB - CAMPBELL FED BLDG & CTHSE,2629913,Alabama,36602,1932,399659
AL0000AC - JOHNSON FED BLDG CTHSE,2385102,Alabama,36104,2000,427480
AL0004ZZ - ANNISTON FED BLDG & CTHSE,2629914,Alabama,362014665,1906,19397
AL0007ZZ - MOBILE US COURTHOUSE,2629915,Alabama,366020000,2010,346691
AL0010ZZ - TUSCALOOSA FB-CT,2999293,Alabama,35401,2012,123259
AL0011ZZ - VANCE FED BLDG & COURTHSE,2629916,Alabama,352032111,1921,173996
AL0019ZZ - DOTHAN FED BLDG & CRTHSE,2629917,Alabama,363014574,1911,21224
AL0028ZZ - GADSEN FED BLDG & CTHSE,2629918,Alabama,359013753,1910,34920
AL0034ZZ - HUNTSVILLE PO & COURTHSE,2629919,Alabama,358014869,1936,40929
AL0046ZZ - ANDREWS FED BLG & CTHSE,819,Alabama,36801,1918,23383
AL0055ZZ - SELMA FED BLDG & COURTHSE,2629920,Alabama,367014697,1909,26140
AL0079ZZ - SSA BUILDING,2629922,Alabama,352014604,1967,10965
AR0000RK - LITTLE ROCK FB CT,830,Arkansas,72201,1932,881403
AR0021ZZ - IC PARKER CTHSE PO,1976058,Arkansas,72901,1937,97092
AR0031ZZ - OLD POST OFFICE CTHS,1772097,Arkansas,72201,1881,88021
AR0057ZZ - TEXARKANA USPO CTHS,2394954,Arkansas,75501,1933,100674
AR0062ZZ - HOT SPRGS USPS CTHS,1779496,Arkansas,719014141,1961,69987
AR0066ZZ - HELENA USPS CTHS,1978154,Arkansas,72342,1959,40155
AR0078ZZ - G HOWARD FB USPO CTH,1775888,Arkansas,71601,1966,107960
AR0079ZZ - BATESVILLE FB PO CT,1977394,Arkansas,72501,1974,52558
AR0084ZZ - HAMMERSCHMIDT FB CT,1930409,Arkansas,72701,1974,64186
AZ0000AA - USBS LUKEVILLE,1299757,Arizona,85341,1976,24275
AZ0000BB - USBS DECONCINI- E NOGALES,1299747,Arizona,85621,1936,100225
AZ0000CC - USBS SASABE,1303974,Arizona,85633,1937,15502
AZ0000DD - USBS DOUGLAS,1303915,Arizona,85607,1933,66357
AZ0000FF - BDR PATL SECTOR HQRS,1299729,Arizona,85713,1965,13511
AZ0000GG - USBS SAN LUIS 1,1303969,Arizona,85349,1984,51029
AZ0000HH - USBS NACO,1299718,Arizona,85620,1937,22701
AZ0000JJ - SAN LUIS 2 LPOE,2629923,Arizona,85349,2008,93956
AZ0000WW-USBS MARIPOSA NOGALES,1303927,Arizona,85621,1985,104804
AZ0015ZZ - JA WALSH COURTHOUSE,1279942,Arizona,85701,1930,77539
AZ0051ZZ - PARKING LOT,2999298,Arizona,85003,1962,0
AZ0052ZZ - PHOENIX FED BLDG US CTHSE,1279941,Arizona,85025,1962,304848
AZ0058ZZ - TUCSON FEDERAL BUILDING,1283262,Arizona,85701,1974,172676
AZ0303ZZ - S D OCONNOR COURTHOUSE,1283331,Arizona,85003,2000,564113
AZ0307ZZ - EA DECONCINI COURTHOUSE,1279859,Arizona,85701,2000,439713
AZ0369ZZ-ROLL US COURTHOUSE,3981441,Arizona,85364,2013,62299
BC Place,3996745,British Columbia,V6B 4Y8,1983,1415314
CA0000AA-APPRAISERS BLDG & CUSTOM,1283266,California,94111,1993,673367
CA0000BB - USBS CALEXICO WEST,1299754,California,92231,1974,138180
CA0000CC - ROYBAL + N L A FED BLDGS,1279897,California,90053,1965,2469628
CA0000DD - JAMES BROWNING US CT,1283474,California,94103,1905,470322
CA0000GG - USBS SAN YSIDRO,1278821,California,92115,1932,223847
CA0000HH - USBS ANDRADE,1303908,California,92283,1958,9397
CA0000JJ - USBS OTAY MESA COMMERCIAL,1299380,California,92173,1985,326899
CA0000KK - ALAMEDA FED CNTR BLDG 1,1278853,California,94501,1942,79662
CA0000LL - USBS TECATE,1283446,California,92154,1932,40983
CA0000MM-SACRAMENTO FEDERAL CAMPUS,1283342,California,95825,2003,334319
CA0000OO - MENLO PARK FED CENTER,1303972,California,94025,1953,400224
CA0000RR - PASADENA FED CRT HSE,1283462,California,91105,1931,168857
CA0000SS - C HOLIFIELD FED BLDG,1283255,California,926773405,1971,1067060
CA0000WW - USBS CALEXICO EAST,1299389,California,92231,1996,208141
CA0041ZZ - LOS ANGELES US COURTHOUSE,1279893,California,90012,1937,885295
CA0083ZZ-HISTORIC SACRAMENTO FB,1279948,California,95818,1973,189904
CA0088ZZ - J.WEINBERGER COURTHOUSE,1283247,California,92101,1913,73179
CA0093ZZ - FEDERAL OFFICE BLDG,600,California,94102,1935,535214
CA0149ZZ - LOS ANGELES FED BLDG,1283248,California,90014,1955,71535
CA0152ZZ - JE MOSS FED BLDG CRTHSE,1283259,California,95814,1961,361129
CA0154ZZ - P BURTON FED BLDG CTHSE,1279464,California,94102,1964,1427968
CA0167ZZ - EJ SCHWART FED BLG CRTHSE,2629925,California,921018897,1976,895249
CA0168ZZ - WEST LOS ANGELES FED BLDG,1278834,California,90024,1969,587586
CA0185ZZ-SSA BLDG-MENTOR STREET,1279333,California,91104,1985,13200
CA0186ZZ - SOCIAL SECURITY BLDG,2629926,California,93277,1977,11977
CA0194ZZ-SSA BLDG-RUGBY AVE,1279949,California,90255,1985,23538
CA0198ZZ-JC CORMAN FEDERAL BLDG,1283349,California,91401,1985,230893
CA0200ZZ - SANTA ANA FED BLDG,1283468,California,92701,1975,280365
CA0221ZZ - JOHN F SHEA FED BLDG,1279481,California,95404,1975,77839
CA0224ZZ - HAWTHORNE FED BLDG,1278861,California,90250,1971,216104
CA0235ZZ - LJ RYAN FED RECORDS CNTR,1283371,California,94066,1972,233987
CA0260ZZ - RF PECKHAM FED BLDG CTHSE,1283238,California,95113,1982,269340
CA0272ZZ - PARKING GARAGE,2629927,California,900253456,1982,192192
CA0273ZZ - GLENN M ANDERSON FB,1283287,California,90802,1989,306260
CA0281ZZ - RV DELLUMS FED BLDG,1279478,California,94612,1993,1101444
CA0295ZZ - RONALD REAGAN FED BLDG,1177145,California,927014500,1999,672747
CA0305ZZ - NEW SAN FRANCISCO FB,2629928,California,941031516,2007,652433
CA0306ZZ - RT MATSUI COURTHOUSE,1279839,California,95814,1999,773986
CA0309ZZ - RE COYLE FED BLDG CTHSE,1283275,California,93721,2005,495913
CA0315ZZ - SEIZED VEHICLE FACILITY,1567868,California,92101,1984,60250
CA0316ZZ - SAN DIEGO FED COURTHSE,3478838,California,92101,2012,480941
CA0363ZZ - BAKERSFIELD US COURTHOUSE,3264359,California,93303,1900,35468
CA6764ZZ - PARKWAY CENTRE,2998918,California,94501,1985,63595
CA9551RR - PASADENA FED CRT HSE,2999299,California,91105,1931,0
CO0000AA - DENVER FEDERAL CENTER,2280735,Colorado,80225,1941,4368913
CO0000XX - DFC NON GOAL TRACKED,2999300,Colorado,80225,1900,0
CO0006ZZ - NEW CUSTOMS HOUSE,2280737,Colorado,80202,1931,278252
CO0009ZZ - BYRON WHITE US COURTHOUSE,2280739,Colorado,80202,1916,269946
CO0018ZZ - WAYNE ASPINALL FED BLDG,2629929,Colorado,81501,1918,41564
CO0039ZZ - BYRON ROGERS FED BLDG CTH,2280741,Colorado,80294,1965,790943
CO0046ZZ - FORT COLLINS FED BLDG PO,2487774,Colorado,80521,1972,83110
CO0050ZZ - CALIFORNIA FED GARAGE BDG,2280901,Colorado,80205,1937,19487
CO0051ZZ - WELTON ST FED GARAGE BLDG,2280800,Colorado,80205,1947,12492
CO0053ZZ - GSA PARKING LOT,2629930,Colorado,802052064,1960,0
CO0054ZZ - CESAR CHAVEZ FED BLDG,2280903,Colorado,80204,1984,313265
CO0061ZZ - ALFRED ARRAJ COURTHOUSE,2629931,Colorado,802942500,2002,326686
CO0501AA - Bldg 1,3205465,Colorado,80225,1941,5407
CO0511AA - Bldg 20,3210202,Colorado,80225,1941,418099
CO0514AA - Bldg 25,3222498,Colorado,80225,1941,402595
CO0515AA - Bldg 40,3237239,Colorado,80225,1941,50092
CO0516AA - Bldg 41,3237241,Colorado,80225,1941,496978
CO0518AA - Bldg 44,3237243,Colorado,80225,1941,9381
CO0519AA - Bldg 45,3237245,Colorado,80225,1941,78407
CO0520AA - Bldg 46,3237247,Colorado,80225,1941,21318
CO0522AA - Bldg 48,3222511,Colorado,80225,1941,150994
CO0527AA - Bldg 50,3237249,Colorado,80225,1977,132830
CO0529AA - Bldg 52,3237251,Colorado,80225,1941,11427
CO0530AA - Bldg 53,3237253,Colorado,80225,1941,387363
CO0531AA - Bldg 54,3237255,Colorado,80225,1941,3541
CO0532AA - Bldg 55,3237257,Colorado,80225,1941,14050
CO0533AA - Bldg 56,3237259,Colorado,80225,1941,354441
CO0543AA - Bldg 75,3237261,Colorado,80225,1944,6840
CO0576AA - Bldg 85,3237263,Colorado,80225,1975,87911
CO0624AA - Bldg 810,3237265,Colorado,80225,1965,680670
CO0625AA - Bldg 15,3209167,Colorado,80225,1966,27749
CO0626AA - Bldg 16,3210163,Colorado,80225,1966,38159
CO0627AA - Bldg 67,3237267,Colorado,80225,1967,372086
CO0631AA - Bldg 710,3237269,Colorado,80225,1963,35845
CO0644AA/CO0662AA - Day Care and Infant Toddler Center,3237271,Colorado,80225,1973,9803
CO0651AA - Bldg 1A,3206172,Colorado,80225,1986,5220
CO0652AA - Bldg 21B,3688460,Colorado,80225,1986,5906
CO0654AA - Bldg 710A,3237273,Colorado,80225,1985,55599
CO0657AA - Bldg 720,3237275,Colorado,80225,1985,17410
CO0659AA - Bldg 95,3222578,Colorado,80225,1999,112747
CO0660AA - Bldg 94,3222552,Colorado,80225,1992,21191
CO0661AA - Bldg 74A,3222517,Colorado,80225,1991,2610
CO0663AA - Bldg 85A,3237279,Colorado,80225,2002,15417
CT0013ZZ - W.R COTTER FED BLDG,902,Connecticut,06103,1933,183507
CT0024ZZ - NEW HAVEN COURTHOUSE,903,Connecticut,06510,1919,142659
CT0053ZZ - AA RIBICOFF FB &CTHS,904,Connecticut,06103,1963,360959
CT0059ZZ - BRIEN MCMAHON FB&CTH,905,Connecticut,06604,1967,130925
CT0060ZZ - SSA TORRINGTON,906,Connecticut,06790,1969,5683
CT0061ZZ - RN GIAIMO FED BLDG,907,Connecticut,06510,1977,176062
"DC0000AB - EPA EAST, WEST, CW",2629932,District of Columbia (D.C.),20004,1934,1213119
DC0000AC - NAVY HILL COMPLEX,2629933,District of Columbia (D.C.),200372851,1904,251650
DC0000BE - POT ANX 1,2999301,District of Columbia (D.C.),20372,1900,0
DC0000NA - NEBRASKA AVE COMPLEX,2999302,District of Columbia (D.C.),20016,1942,567321
DC0000SE - ST ELIZABETH WEST CAMPUS,2629934,District of Columbia (D.C.),200362601,2006,0
DC0001ZZ - CENTRAL HTG PLNT STM,2629935,District of Columbia (D.C.),204070001,1933,271965
DC0007ZZ - VETERANS ADMINISTRAT,1670098,District of Columbia (D.C.),20420,1919,684711
DC0010ZZ - LYNDON B JOHNSON BLD,1675799,District of Columbia (D.C.),20202,1959,607259
DC0014PB - E B PRETTYMAN COURTH,913,District of Columbia (D.C.),20001,1952,602536
DC0017ZZ - WHITE HOUSE,2629937,District of Columbia (D.C.),200050003,1902,28200
DC0021ZZ-GSA ADMIN BLDG,2629938,District of Columbia (D.C.),20405,1917,813649
DC0026ZZ - LAFAYETTE BUILDING,1670156,District of Columbia (D.C.),20009,1940,684488
DC0027ZZ-REMOTE DELIVERY FACILITY,2999303,District of Columbia (D.C.),20373,2010,109993
DC0028ZZ - ARIEL RIOS FED BLDG,1671354,District of Columbia (D.C.),20004,1934,885811
DC0029ZZ - POST OFFICE OLD,1671362,District of Columbia (D.C.),20001,1899,392082
DC0030ZZ-NATIONAL BLDG MUSEUM,1635653,District of Columbia (D.C.),20001,1985,260226
DC0031ZZ - ROB,1212177,District of Columbia (D.C.),20407,1932,920264
DC0033ZZ - MARY E SWITZER BLDG,920,District of Columbia (D.C.),20230,1940,600921
DC0034ZZ - WILBUR J COHEN BLDG,1675956,District of Columbia (D.C.),20201,1940,1176918
DC0035ZZ-EISENHOWER EXC BLDG,1671499,District of Columbia (D.C.),20506,1973,697307
DC0048ZZ - WINDER,2629939,District of Columbia (D.C.),200064801,1854,81093
DC0053ZZ - 49 L  ST WAREHOUSE,1669745,District of Columbia (D.C.),20003,1924,37535
DC0078ZZ - CIVIL SERVICE BLDG,2629940,District of Columbia (D.C.),200060001,1920,53580
DC0083ZZ - ORVILLE WRIGHT BLDG,1675972,District of Columbia (D.C.),20591,1963,1114224
DC0084ZZ-WILBER WRIGHT BLDG,1676024,District of Columbia (D.C.),20003,1973,421319
DC0086ZZ - FOB 8,1669798,District of Columbia (D.C.),20024,1965,390829
DC0094ZZ - MARKEY NATIONAL CT,1687185,District of Columbia (D.C.),20005,1967,198451
DC0105ZZ - NEW EXECUTIVE OFFICE,1671513,District of Columbia (D.C.),20006,1966,409266
DC0111ZZ - DOLLEY MADISON HOUSE,1687187,District of Columbia (D.C.),20005,1820,15158
DC0112ZZ - TAYLOE HOUSE,1687191,District of Columbia (D.C.),20005,1828,12553
DC0113ZZ - COSMOS CLUB BLDG,1687196,District of Columbia (D.C.),20005,1928,14972
DC0114ZZ - TAX COURT,1687199,District of Columbia (D.C.),20217,1974,229922
DC0313ZZ - JUDICIARY SQUARE,1687200,District of Columbia (D.C.),20001,1984,128706
DC0321ZZ - JUDICIARY CENTER,2999304,District of Columbia (D.C.),20001,2002,335372
DC0400ZZ-DIST HEATING TUNNELS,4005570,District of Columbia (D.C.),20003,2014,240240
DC0459AF - REAGAN BLDG FOB,2629941,District of Columbia (D.C.),200023002,1996,3360676
"DC0463ZZ - 601 - 4TH ST, NW",2629942,District of Columbia (D.C.),200372605,1997,387591
DC0501BC - SIDNEY YATES,1687203,District of Columbia (D.C.),20002,1879,159329
DC0505ZZ - US SECRET SERV HDQTR,1671392,District of Columbia (D.C.),20001,1999,692023
DC0566ZZ - ATF HEADQUARTERS,1671430,District of Columbia (D.C.),20548,1900,301662
DC0573PB - WILLIAM BRYANT ANNEX,1687207,District of Columbia (D.C.),20001,1952,395987
DC0720ZZ-USSS,4185087,District of Columbia (D.C.),20002,2012,27000
DE0016ZZ - JC BOGGS FED BLD & CTHSE,2474693,Delaware,19801,1973,202615
FL0000AC - ROGERS FED BLDG COURTHSE,2341837,Florida,33401,1972,176451
FL0000AD - DW DYER FED BLDG & CRTHSE,2341424,Florida,33128,1933,365765
FL0000AE - TIMBERLAKE FB ANNEX,2629944,Florida,336023949,1989,306402
FL0002AE - TIMBERLAKE FED ANNEX,1867227,Florida,33062,1988,129502
FL0004ZZ - TALLAHASSEE CT ANNEX,2629945,Florida,323017736,2000,169758
FL0009ZZ - FT MEYERS FB & CTHSE,1867886,Florida,33901,1998,163365
FL0010ZZ - WD FERGUSON COURTHOUSE,2339944,Florida,33128,2007,546513
FL0012ZZ - GIBBONS US COURTHOUSE,2629946,Florida,336023849,1998,432178
FL0017ZZ - SIMPSON US COURTHOUSE,2629947,Florida,322024298,2002,491710
FL0019ZZ - ARONOVITZ COURTHSE-PO-CU,2341905,Florida,33040,1931,54725
FL0025ZZ - ORLANDO COURTHOUSE ANNEX,2629948,Florida,328010401,2007,474551
FL0030ZZ - FT PIERCE FB COURTHOUSE,3264360,Florida,34950,2011,146606
FL0033ZZ-DEPT OF JUSTICE,4428014,Florida,33027,2015,606121
FL0039ZZ - WE ARNOW US COURTHOUSE,2629949,Florida,325024839,1939,59872
FL0049ZZ - TALLAHASSEE US COURTHOUSE,2629950,Florida,323017750,1937,46521
FL0057ZZ - GOLDEN-COLLUM FED BLD CTH,2629951,Florida,344756603,1961,68942
FL0061ZZ - PEPPER FEDERAL BUILDING,2341092,Florida,33130,1964,292346
FL0064AE - R L TIMBERLAKE JR FB,1867295,Florida,33602,1964,114730
FL0065ZZ - GAINESVILLE FED BLD CHTHS,1877042,Florida,32801,1964,105697
FL0067ZZ - BENNETT FEDERAL BLDG,2629952,Florida,32202,1967,334196
FL0079ZZ - BRICKELL PLAZA FED BLDG,2341492,Florida,33131,1971,263155
FL0082ZZ - YOUNG FED BLDG & CTHSE,2999305,Florida,32801,1975,208647
FL0089ZZ - FT LAUDERDALE FB &&CT,2342009,Florida,33301,1978,225233
FL1021ZZ - KING FED JUSTICE BLG,2341538,Florida,33101,1993,318467
FL2245ZZ - PENSACOLA COURTHOUSE (LEASED),1877094,Florida,32502,1999,92748
GA0000AB - THOMASVILLE FED CENTER,2629953,Georgia,314944410,1994,105661
GA0000AC - JULIETTE G LOW FED BLDG,2629954,Georgia,314013604,1985,282321
GA0005ZZ - ATHENS COURTHOUSE & PO,2629956,Georgia,306014747,1942,42856
GA0007ZZ - ML KING JR FEDERAL BLDG,2629957,Georgia,303033458,1934,361331
GA0008ZZ - US COURT OF APPEALS,2629958,Georgia,303032289,1910,202069
GA0009ZZ - AUGUSTA US COURTHOUSE,2629959,Georgia,309030000,1916,57472
GA0010AE - CHAMBLEE TUCKER ANNEX,1923066,Georgia,30341,1999,417149
GA0012ZZ-KING US COURTHOUSE,2629960,Georgia,31702,2002,82448
GA0025ZZ - COLUMBUS PO & CRTHSE,2629961,Georgia,319020000,1934,60002
GA0030ZZ - EP TUTTLE US COURTHOUSE,2629962,Georgia,303030000,2010,0
GA0036ZZ - ROWLAND FED BLDG & CTHSE,2629963,Georgia,310216799,1937,32149
GA0044ZZ - GAINSVILLE FED BLDG CTHSE,986,Georgia,30501,1910,51774
GA0057ZZ - BOOTLE FED BLDG & CTHSE,2629964,Georgia,312023385,1896,90398
GA0076ZZ - SAVANNAH CUSTOMHOUSE,2629965,Georgia,31402,1852,29403
GA0078ZZ - TOMOCHICHI FED BLDG CTHSE,2629966,Georgia,314023749,1899,124080
GA0087AD - PEACHTREE SUMMIT FED BLDG,2629955,Georgia,30308,1975,866217
GA0103ZZ - SCARLETT FED BLDG,2629967,Georgia,315207073,1959,64531
GA0112ZZ - THOMASVILLE FED BLD-PO-CT,992,Georgia,31792,1963,52555
GA0114ZZ - PH PRESTON FEDERAL BLDG,2629968,Georgia,304581302,1963,32958
GA0118ZZ - ROME FED BLDG-PO-CTHSE,995,Georgia,30161,1974,96116
GA0121ZZ - R RUSSELL FED BLDG CTHSE,7371,Georgia,30303,1979,1214280
GA0125ZZ - MORGAN FED BLDG CTHSE PO,2629969,Georgia,302632602,1968,53569
GA0134ZZ - VALDOSTA FED BLD CTHSE PO,2629970,Georgia,316014627,1969,97227
GA0138ZZ - STEPHENS FED BLDG,2629971,Georgia,306014743,1974,85045
GA1007ZZ - SAM NUNN ATLANTA FED CTR,13304,Georgia,30303,1997,1924567
GA2243ZZ - CEDAR ST & POSTAL BL,3296550,Georgia,30117,1900,0
GA2637ZZ - GNANN HOUSE,2629972,Georgia,317805466,1925,2024
HI0001ZZ - HILO FED BLD USPO & CTHSE,1279896,Hawaii,96720,1917,50333
HI0002ZZ - US CUSTOM WAREHOUSE,1279486,Hawaii,96720,1941,5948
HI0011ZZ - PRINCE KUHIO FED BLDG CTH,1279367,Hawaii,96850,1977,760106
IA0027ZZ - DAVENPORT U.S. COURTHOUSE,1375897,Iowa,52801,1933,75086
IA0030ZZ - DES MOINES U.S. COURTHOUSE,1341310,Iowa,50309,1929,97470
IA0087ZZ - SIOUX CITY CHFB,1341311,Iowa,51101,1932,110805
IA0112ZZ - NEAL SMITH FEDERAL BLDG,1331382,Iowa,50309,1967,405238
IA0119ZZ - IOWA CITY FBPO,1375893,Iowa,52240,1974,98720
IA0121ZZ - CEDAR RAPIDS CTHS,4139239,Iowa,52401,2012,306000
ID0000EB - USBS EASTPORT,2629975,Idaho,838269998,1987,16144
ID0000PB - USBS PORTHILL,2629976,Idaho,838539998,1967,18622
ID0025ZZ - MCCLURE FB-CTHS,20611,Idaho,83724,1967,274412
ID0027ZZ - SSA LEWISTON,2629977,Idaho,835014004,1972,8671
IL0000CF - CHICAGO FARC,2410780,Illinois,60629,1973,185581
IL0000ES - MELVIN PRICE CTHOUSE,1165536,Illinois,62201,1910,136132
IL0000FC - CHICAGO FEDERAL CTR,1608159,Illinois,60604,1973,3177981
IL0032ZZ - CHICAGO CUSTOMHOUSE,1154581,Illinois,60607,1932,279320
IL0054ZZ - CLARK FEDERAL BLDG,1608749,Illinois,60605,1912,689733
IL0059ZZ - DANVILLE FB CTHSE,1165526,Illinois,61832,1911,67845
IL0154ZZ - PEORIA FB CTHSE,1165544,Illinois,61601,1938,118883
IL0173ZZ - FINDLEY FED BLDG,1165522,Illinois,62701,1930,139164
IL0200ZZ - BENTON FB CTHSE,1165534,Illinois,62812,1959,32761
IL0206ZZ - WL BEATTY FB & CTHSE,1165558,Illinois,62002,1972,34159
IL0214ZZ - SSA DIST OFF BLDG,1736110,Illinois,62301,1972,6073
IL0220ZZ - EAST ST LOUIS FB,1583504,Illinois,62201,1966,33959
IL0222ZZ - MT VERNON FED BLDG,1165542,Illinois,62864,1973,19578
IL0240ZZ - PAUL SIMON FED BLDG,1165516,Illinois,62901,1978,39019
IL0300ZZ - GSA INTERAG MTR POOL,2629979,Illinois,606074300,1973,1290
IL0302ZZ - URBANA FB  & CTHSE,1731745,Illinois,61801,1994,51680
IL0303ZZ - METCALFE FED BLDG,1165562,Illinois,60604,1991,840365
IL0311ZZ-ROSZKOWSKI FED CTHS,2999306,Illinois,61101,2012,211320
IL0315ZZ-CONSUMER BUILDING,2629980,Illinois,60604,2008,198400
IL0317ZZ - GSA BUILDING,2629981,Illinois,606043908,1911,7535
IL0318ZZ-CENTURY BUILDING,2629982,Illinois,60604,2006,67425
IL2125ZZ-11 West Quincy,2629983,Illinois,60604,1985,120593
IL2477ZZ-NO NAME,4337847,Illinois,61607,2011,2600
IN0000JF - GSA FED CTR,2629985,Indiana,471304278,1952,23153
IN0031ZZ - E ROSS ADAIR FB CT,1165528,Indiana,46802,1932,113586
IN0048ZZ - BIRCH BAYH FEDERAL BUILDING & U.S. COURTHOUSE,1165554,Indiana,46204,1905,546469
IN0057ZZ - CHARLES A HALLECK FB,1165552,Indiana,47901,1932,65061
IN0096ZZ - ROBERT GRANT FB CT,1165532,Indiana,46601,1933,135972
IN0126ZZ - LEE HAMILTON FB CT,1165518,Indiana,47150,1966,40762
IN0133ZZ - MINTON-CAPEHART FB,1559123,Indiana,46204,1974,636046
IN0300ZZ - HAMMOND US CTHSE,1165574,Indiana,46320,2002,295096
IN0621NH - DISPOSAL BUILDING,2999307,Indiana,46774,1900,0
IN1703ZZ - EMMETT BEAN FED CTR,1154571,Indiana,46249,1953,1659139
John Weld Peck Federal Building,3641424,Ohio,45202,1962,791748
KS0070ZZ - WICHITA U.S. COURTHOUSE,1534769,Kansas,67201,1932,174767
"KS0085ZZ - SSA KANSAS CITY, KS",1513380,Kansas,66101,1972,14861
KS0092ZZ - FRANK CARLSON CHFB,1448874,Kansas,66683,1977,325083
KS0094ZZ - ROBERT J DOLE U.S. COURTHOUSE,1530752,Kansas,66101,1994,286446
KY0000AB - LONDON FB-CT,2629987,Kentucky,407411907,2002,111023
KY0006ZZ - NATCHER FED BLD COURTHSE,2629988,Kentucky,421012141,1913,32445
KY0013ZZ - COVINGTON COURTHOUSE,2629989,Kentucky,410110000,1999,116919
KY0042ZZ - LEXINGTON COURTHOUSE,2629990,Kentucky,405071313,1934,99221
KY0045ZZ - GENE SNYDER COURTHOUSE,1078,Kentucky,40202,1932,404851
KY0058ZZ - OWENSBORO FED BLDG CTHSE,2629992,Kentucky,423013013,1911,35693
KY0059ZZ - PADUCAH FED BLDG & CTHSE,1080,Kentucky,42001,1938,57221
KY0062ZZ - PIKESVILLE PO & COURTHSE,2629993,Kentucky,415011144,1932,26795
KY0086ZZ-MAZZOLI FEDERAL BLDG,2629994,Kentucky,40202,1973,469770
KY0088ZZ-WATTS FEDERAL BLDG,1085,Kentucky,40601,1985,61193
KY0089ZZ - CD PERKINS FED BLDG CTHSE,2629995,Kentucky,411017542,1985,61712
LA0000BR - BLDG 74-WAREHOUSE 6,2629996,Louisiana,708155316,1949,42312
LA0000BT - BATON ROUGE FB CTHSE,2629997,Louisiana,708011713,1933,259737
LA0000NE - USBP COMPLEX NOLA,2629998,Louisiana,701141806,1934,18226
LA0000NL - FSS DEPOT WAREHSE 2,2629999,Louisiana,701234230,1943,208493
LA0002ZZ - ALEXANDRIA PO CTHS,1956276,Louisiana,71301,1933,50362
LA0029ZZ - MONROE FB PO CTHS,1971761,Louisiana,71201,1934,49148
LA0033ZZ - US CUSTOMHOUSE,2630000,Louisiana,701302329,1881,380825
LA0034ZZ - F EDWARD HEBERT FB,1482486,Louisiana,70130,1939,266523
LA0035ZZ - J M WISDOM USCT APLS,1490147,Louisiana,70130,1915,214136
LA0070ZZ - ELLENDER FB USPO,1939542,Louisiana,70360,1972,66087
LA0072ZZ - OPEN LAND FDA SITE,2630001,Louisiana,701303713,1964,0
LA0085ZZ - HALE BOGGS FB CTHS,1488819,Louisiana,70130,1976,656040
LA0098ZZ - SHREVEPORT CTHSE,1941770,Louisiana,71101,1993,221985
LA0099ZZ - JM SHAW COURTHOUSE,2384204,Louisiana,70501,1999,197911
MA0011ZZ - CPT JF WILLIAMS CG B,1101,Massachusetts,02210,1918,176013
MA0013ZZ - J W MCCORMACK BLDG,1102,Massachusetts,02109,1933,776861
MA0050ZZ - MOAKLEY COURTHOUSE,1062619,Massachusetts,02109,1998,915346
MA0051ZZ - SPRINGFIELD  FED CTHS,2630002,Massachusetts,01105,2008,166618
MA0076ZZ-NEW BEDFORD CUSTOM HSE,1447199,Massachusetts,02740,1986,8345
MA0113ZZ - H DONOHUE FED BLDG CTHSE,1103,Massachusetts,01608,1932,107686
MA0129ZZ - PHILIP J PHILBIN FED BLDG,1104,Massachusetts,01420,1973,132240
MA0131ZZ - JFK FEDERAL BUILDING,1105,Massachusetts,02203,1966,971779
MA0136ZZ - FC MURPHY FED RECORDS CTR,1107,Massachusetts,021546399,1966,138215
MA0138ZZ - SSA DISTRICT OFFICE,1108,Massachusetts,01830,1973,5964
MA0153ZZ - TP O'NEILL FED BLDG,1109,Massachusetts,02222,1986,773445
MA0158ZZ - H KEITH FEDERAL BLDG,1110,Massachusetts,02740,1974,40141
MA0180ZZ - SO CONTE FEDERAL BLDG,1112,Massachusetts,01201,1977,30518
MD0000AG - SUITLAND FEDERAL CEN,2630003,Maryland,20746,1941,1955611
MD0000BW - CSPC CAMPUS,2999308,Maryland,20878,1900,0
MD0000HC - CMS HEADQUARTERS,2448359,Maryland,21207,1995,937173
MD0000WT-WHITE OAK AIR FORCE FAC,3296551,Maryland,20910,2012,0
MD0003ZZ - APPRAISERS STORES,2630004,Maryland,212027500,1934,169803
MD0006ZZ - BALTIMORE CUSTOMHOUSE,2630005,Maryland,212024022,1907,178519
MD0033ZZ - TOULSON FEDERAL BUILDING,2249801,Maryland,21801,1925,28823
MD0055ZZ - GH FALLON FEDERAL BLDG,2448139,Maryland,21201,1967,649193
MD0068ZZ-SSA METRO WEST,4200542,Maryland,21201,1985,1085741
MD0205ZZ - SS METRO CENTER 1,1671545,Maryland,20910,1987,191187
MD0232ZZ - SOUTHERN MD COURTHSE,2630006,Maryland,207811249,1994,297016
MD0278ZZ - NEW CARROLLTON FED,1671534,Maryland,20706,1997,1111466
MD0290ZZ - GAITHER DIST CTR 2,2999309,Maryland,20877,1900,0
MD0325ZZ - CENSUS COMPUTER FAC,1671558,Maryland,20715,1997,120560
MD0331WO-BLDG 32 - OC && ORA,4123213,Maryland,20993,2012,361254
MD0331ZZ - WHITE OAK CAMPUS,2630007,Maryland,209100000,1998,407498
MD0334ZZ-HARVEY W. WILEY FED BLDG.,1670018,Maryland,20740,2002,441305
MD0731WO-FRC CHILD CARE CENTER,4428016,Maryland,20993,2014,21935
MD0765WO-BLDG 64 - LIFE SCIENCES,4123214,Maryland,20993,2012,149281
MD0767AG - NOAA SATELLITE,1702112,Maryland,20746,2006,208000
MD0778AG - CENSUS BUREAU OFFICE,2630008,Maryland,20746,2006,1324349
MD0804WO-BLDG 22 - CDER OFFICE,4123215,Maryland,20993,2012,452886
MD0810WO - CENTRAL UTILITY PLAN CUP,2999310,Maryland,20993,1900,0
MD0810ZZ - FRC WHITE OAK CTRL,2630009,Maryland,209040000,1900,40000
MD0811WO-CENTRAL SHARED USE 1,4123216,Maryland,20993,2012,150214
MD0816WO-BLDG 62 - CDRH LAB,4123217,Maryland,20993,2012,151999
MD0817WO-BLDG 66 - CDRH OFFICE,4123218,Maryland,20993,2012,444097
MD0821WO-BLDG 51 - CDER OFFICE 2,4123219,Maryland,20993,2012,336348
MD0822WO-BLDG 31 - OC && ORA,4123220,Maryland,20993,2012,106125
MD0823WO-BUILDING ONE,4123221,Maryland,20993,2012,98770
MD0825WO-FRC BUILDING 71 OFFICE,4428017,Maryland,20993,2014,323402
MD0826WO-FRC BUILDING 52 LAB,4428018,Maryland,20993,2014,279065
MD1440ZZ - GARMATZ COURTHOUSE,2448317,Maryland,21201,1973,474601
MD1851WO-CDER OFFICE - E WING,4123222,Maryland,20993,2012,118512
MD1877WO-CENTRAL UTILITY PLANT 2,4428019,Maryland,20905,2014,46500
ME0000BC - USBS FERRY POINT,2630010,Maine,046199998,1936,16803
ME0000BE-USBS COBURN GORE,2630011,Maine,04936,1985,15760
ME0000BF (ME0601BF) - FORT FAIRFIELD LPOE,4269807,Maine,04742,1934,5753
ME0000BF-USBS FT FAIRFIELD,2630012,Maine,04742,1985,5753
ME0000BH - USBS HOULTON,2630013,Maine,047309998,1985,37562
ME0000BI - USBS CALAIS,2630014,Maine,046190000,2009,112525
ME0000BJ - USBS JACKMAN,2630015,Maine,049459998,2009,57285
ME0000BL-USBS LIMESTONE,2630016,Maine,04750,1985,3268
ME0000BP-LPOE ST PAMPHILE,4005571,Maine,04774,2014,2481
ME0000BT-USBS ORIENT,2630017,Maine,04471,1985,4189
ME0000BV - USBS VANCEBORO,2630018,Maine,044919998,1964,7263
ME0000BX - USBS VAN BUREN,2390897,Maine,04785,2013,44518
ME0000HO - USBP SEC HQ HOULTON,3543554,Maine,04730,1900,13331
ME0012BP - USBS ST. PAMPHILLE,2630019,Maine,047749998,1994,2085
ME0034ZZ - ET GIGNOUX COURTHOUSE,1195,Maine,04101,1911,93537
ME0035ZZ - PORTLAND CUSTOM HOUSE,1196,Maine,04101,1871,26943
ME0051ZZ - USBS MADAWASKA,2630020,Maine,047560000,1961,8990
ME0061ZZ - MC SMITH FEDERAL BLDG,1197,Maine,04401,1967,183035
ME0068ZZ-ES MUSKIE FEDERAL BLDG,1198,Maine,04330,1973,113257
ME0074HO - USBP SEC HQ HOULTON,2391944,Maine,04730,1965,11627
ME0078ZZ - SSA PRESQUE ISLE,1199,Maine,04769,1970,6731
ME0088ZZ - USBS FT KENT,2630022,Maine,047439998,1981,9954
ME0091ZZ - USBS MILLTOWN,2390966,Maine,04619,1938,1704
ME0091ZZ-LPOE MILLTOWN,4005572,Maine,04619,2014,1704
MI0000BC - HART DOLE INOUYE FED,2408784,Michigan,49017,1928,925780
MI0000CI-CARGO INSPECTION LPOE,3424598,Michigan,48216,2013,77156
MI0000DI - ROSA PARKS FED BLDG,2401480,Michigan,48207,1933,48588
MI0000MC - MCNAMARA FB FACILITY,1463252,Michigan,48226,1974,1003684
MI0029ZZ - LEVIN US COURTHOUSE,2630023,Michigan,48226,1934,764904
MI0048ZZ - FLINT FED BLDG CTHOU,1165572,Michigan,48502,1931,71760
MI0072ZZ - KALAMAZOO FB CTHS,1165550,Michigan,49006,1939,79845
MI0073ZZ - CHRLS CHAMBERLAIN FB,1165538,Michigan,48933,1932,189763
MI0097ZZ - PORT HURON FB CT,1526241,Michigan,48060,1877,44397
MI0118ZZ - ANN ARBOR FB CT,2630024,Michigan,481072129,1979,109700
MI0137ZZ - G R FORD FB CTHSE,1165546,Michigan,49503,1972,280257
MI0143ZZ - FED PARKING FACILITY,2630025,Michigan,482262510,1990,0
MI0146ZZ - NATIONAL WEATHER SVC,2999313,Michigan,49783,1952,0
MI0401ZZ - AMBASSADOR BRIDGE BO,2630026,Michigan,48216,1993,46143
MI0402ZZ - SSA BUILDING,1154567,Michigan,48607,2002,13587
MI0403ZZ - CARGO INSP VACIS,2630027,Michigan,482162069,2005,6855
MI0404ZZ - CARGO INSP. BROKER,2630028,Michigan,482162069,2007,24128
MI0724SB - US BORDER STATION,1612029,Michigan,49783,2005,73557
MI1951ZZ-DETROIT COMPUTING CT,4512805,Michigan,48226,1995,851537
MN0000GP - USBS GRAND PORTAGE,1612136,Minnesota,55605,1966,16696
MN0000NB - CUSTOMS IMMIG STAT,2630029,Minnesota,567409703,1932,16917
MN0000TC - BISHOP H WHIPPLE FB,1559246,Minnesota,55111,1969,699968
MN0000WB - WARROAD USBS,2630030,Minnesota,56763,2010,43088
MN0015ZZ - HEANEY FED BLD  & CT,1165540,Minnesota,55802,1930,189042
MN0021ZZ - FERGUS FALLS USPS CT,1165564,Minnesota,56537,1903,52586
MN0036ZZ - FEDERAL BUILDING,1214,Minnesota,55401,1915,154915
MN0076ZZ - BEMIDJI FED BLDG,2630031,Minnesota,566013062,1960,45210
MN0084ZZ - SSA MINNEAPOLIS,1568066,Minnesota,55404,1969,21492
MN0087ZZ - W E BURGER FOBCTHSE,2386983,Minnesota,55101,1965,420975
MN0088ZZ - SSA AUSTIN,2411343,Minnesota,55912,1969,6061
MN0092ZZ - MINNEAPOLIS US CTHSE,1165566,Minnesota,55415,1997,465000
MN0300ZZ - USBS INTERNATIONAL F,2630032,Minnesota,566492344,1993,20427
MN0600ZZ - BS BAUDETTE,2630033,Minnesota,551019998,1997,9634
MO0000AF - FED CTR GOODFELLOW,1665524,Missouri,63120,1941,1815167
MO0000AG - FRC BLDG 100 PAGE,2630035,Missouri,63132,1945,1882234
MO0022ZZ - BOND U.S. COURTHOUSE,2999314,Missouri,65101,2011,117522
MO0039ZZ - 2306-2312 BANNISTER,3604334,Missouri,64131,1933,562786
MO0050ZZ-WHITTAKER COURTHOUSE,1501666,Missouri,64106,1997,722963
MO0095ZZ - THOMAS F. EAGLETON U.S. COURTHOUSE,2630037,Missouri,63102,2000,1310875
MO0106ZZ - ROBT A YOUNG FED BLD,1436668,Missouri,63103,1933,1131929
MO0121ZZ - FB-PO-CT HANNIBAL,1813401,Missouri,63401,1966,73575
MO0127ZZ - R BOLLING FB,1278683,Missouri,64106,1965,1239636
MO0134ZZ - FB 8930 WARD PRKWY,1533261,Missouri,64114,1962,200300
MO0147ZZ - CAPE GIRARDEAU U.S. COURTHOUSE,1813397,Missouri,63703,2008,163732
MS0000AA - DM RUSSELL FED BLDG CTHSE,1123272,Mississippi,39501,2004,228292
MS0007ZZ - JACKSON US COURTHOUSE,2999315,Mississippi,39201,1900,0
MS0008ZZ - NATCHEZ US COURTHOUSE,2630040,Mississippi,391203466,1853,23983
MS0031ZZ - J EASTLAND COURTHSE & PO,2630041,Mississippi,392052409,1934,113586
MS0065ZZ - GREENVILLE FED BLD-PO-CTH,2630043,Mississippi,387014047,1959,84824
MS0072ZZ-WM COLMER FED BLD & CTHSE,2630044,Mississippi,39401,1985,63281
MS0079ZZ - OXFORD FED BLD CTHSE PO,2630045,Mississippi,386553632,1973,91536
MS0082ZZ - TG ABERNETHY FED BLD,2630046,Mississippi,397302520,1973,62134
MS0083ZZ - MC COY FED BLDG,2630047,Mississippi,392691602,1979,442443
MT0000AD - USBS CHIEF MOUNTAIN,2630048,Montana,594119700,1939,10920
MT0000AE - USBS PIEGAN,2630049,Montana,594119700,1933,103474
MT0000AF - USBS RAYMOND,2630050,Montana,592569700,2003,35239
MT0000AG - USBS EUREKA,2630051,Montana,599179701,2002,31304
MT0000AW - USBS TURNER,2630052,Montana,595420090,1992,5547
MT0004ZZ - MIKE MANSFIELD FED BLG CT,2280842,Montana,59701,1904,73336
MT0017ZZ - MISSOULA FED BLDG PO CTHS,2487884,Montana,59801,1913,129921
MT0042ZZ - US BORDER PATROL HQ,2280844,Montana,59501,1965,12271
MT0046ZZ - BOZEMAN FED BLDG PO,2280862,Montana,59715,1966,96996
MT0050ZZ - BILLINGS FEDERAL BLDG,2630055,Montana,591012234,2012,146669
NC0000AB - SANFORD FB-CT-VMF,2630056,North Carolina,27601,1969,426031
NC0000AE - ASHEVILLE FED FACILITY,2384089,North Carolina,28802,1994,375337
NC0011ZZ - NEW BERN PO & CRTHSE,2424315,North Carolina,28360,1935,47932
NC0020ZZ-J HERBERT W SMALL FB-CT,2630058,North Carolina,27909,1985,26684
NC0028ZZ - LR PREYER FED BLDG & CTHS,2630059,North Carolina,274012513,1933,128652
NC0029ZZ-US COURTHOUSE ANNEX,2630060,North Carolina,27834,1985,13509
NC0058ZZ - CENTURY STATION FED BD PO,2630061,North Carolina,276011799,1878,88880
NC0072ZZ - STATEVILLE COURTHSE & PO,2630062,North Carolina,286775258,1939,37102
NC0085ZZ - A LENNON FED BLD COURTHSE,2423682,North Carolina,28401,1919,64276
NC0090ZZ - GREENSBORO FED BLDG,2999317,North Carolina,27401,1955,0
NC0092ZZ-U S COURTHOUSE,2384101,North Carolina,28713,1985,34156
NC0095ZZ-J J HAYES FEDERAL BLDG,2384105,North Carolina,28697,1973,38742
NC0113ZZ-H W WARD FED BLG CTHOUSE,2630064,North Carolina,27110,1985,349753
NC2582ZZ - Charles R. Jonas Federal Building,2300902,North Carolina,28202,1918,71949
ND0000AK-USBS AMBROSE,2630065,North Dakota,58833,1990,5879
ND0000AL - USBS DUNSEITH,2630067,North Dakota,583299998,1969,16125
ND0000AM - USBS PORTAL,2630068,North Dakota,587729998,1932,14710
ND0000AN-USBS ST JOHN,2630069,North Dakota,58369,1990,6165
ND0000AO - USBS PEMBINA,2630071,North Dakota,582719745,1997,40332
ND0002ZZ - BISMARCK FEDERAL BLDG,2487579,North Dakota,585014082,1913,42232
ND0006ZZ - FARGO FED BLDG CTHOUSE,1279,North Dakota,58102,1931,196972
ND0008ZZ - RONALD DAVIES FED BLDG CT,2280894,North Dakota,58201,1937,45510
ND0014ZZ - VAN SICKLE FB CTHS,2630072,North Dakota,587013846,1915,39255
ND0018ZZ - PEMBINA CUSTOMS HOUSE PO,2630073,North Dakota,582714102,1932,15350
ND0032ZZ-BDR PATROL SECTOR HQ,2630074,North Dakota,58201,1973,15595
ND0037ZZ - WLM GUY FED BLDG PO CTHSE,2280788,North Dakota,58501,1964,158121
ND0038ZZ - NEW PARKING LOT,2630075,North Dakota,585013869,1987,0
ND0045ZZ - SIXTH ST BUILDING,2630076,North Dakota,582013624,1969,9369
ND0046ZZ - FED BLDG PO,1285,North Dakota,58102,1969,227295
NE0018ZZ - GRAND ISLAND FB,1533328,Nebraska,68801,1910,31472
NE0036ZZ - HRUSKA CH - OMAHA,1533071,Nebraska,68102,2000,338473
NE0051ZZ - EDW ZORINSKY FED BLD,1813139,Nebraska,68102,1960,428932
NE0056ZZ - NORTH PLATTE FBCHPO,1533282,Nebraska,69101,1964,79706
NE0531ZZ - ROBERT DENNEY FBCH,1533055,Nebraska,68508,1975,506389
NH0030ZZ - JC CLEVELAND FED BLD,1295,New Hampshire,03301,1966,114584
NH0033ZZ - SSA LITTLETON,2392039,New Hampshire,03561,1969,4777
NH0036ZZ - TJ MCINTYRE FEDERAL BLDG,1296,New Hampshire,03801,1966,108929
NH0037ZZ - NORRIS COTTON FEDERAL BLD,1297,New Hampshire,03103,1976,126143
NH0038ZZ - WB RUDMAN COURTHOUSE,2630077,New Hampshire,03301,1996,200147
NJ0000CT - COHEN COMPLEX,2474682,New Jersey,08108,1932,275082
NJ0000FB - CS FISHER COURTHOUSE,2472997,New Jersey,08608,1933,326273
NJ0056ZZ - WASHINGTON FED BLDG,2630078,New Jersey,071023110,1920,159001
NJ0108ZZ - RODINO FED BLDG,1259269,New Jersey,07102,1968,508167
NJ0111ZZ - HACKENSACK SSA BLDG,2630079,New Jersey,076015465,1969,15190
NJ0114ZZ - SSA TRUST BRIDGETON,2630080,New Jersey,083022407,1970,11744
NJ0119ZZ - MONTCLAIR SSA BLDG,2630081,New Jersey,070423503,1972,7536
NJ0144ZZ - KING US CH,2630082,New Jersey,071023551,1992,354000
NJ0145ZZ - ROE FED BLDG,2630083,New Jersey,075081961,1991,60231
NJ0148ZZ-RODINO CHILDCARE CENTER,4185088,New Jersey,12553,2014,7630
NJ4622ZZ-THE LYRIC,4337848,New Jersey,07030,2007,9644
NM0000AA - FSS WAREHOUSE DEPOT,2630084,New Mexico,871042204,1961,81549
NM0000AQ - ALBUQUERQUE PO CTHSE,2630085,New Mexico,87101,1908,74844
NM0000CL-USBS COLUMBUS ADMIN,2630086,New Mexico,88029,2003,22489
NM0000SN - SANTA FE US CRTHSE,2630087,New Mexico,875011902,1899,184423
NM0000ST - SANTA TERESA LPOE,2630088,New Mexico,880089801,1997,57422
NM0030ZZ - DIONISIO CHAVEZ FB,1567751,New Mexico,871023118,1965,347684
NM0035ZZ - ROSWELL FEDERAL BLDG,2392006,New Mexico,88201,1967,63625
NM0037ZZ - ALBUQEURQUE PK GARAG,2630090,New Mexico,871023141,1970,114700
NM0038ZZ - GALLUP FEDERAL BLDG,1931112,New Mexico,87301,1972,75050
NM0042ZZ - RUNNELS FED BLDG,1933794,New Mexico,88001,1974,68569
NM0047ZZ - GSA MOTOR POOL SITE,2630091,New Mexico,875013260,1978,2465
NM0050ZZ - PETE DOMENICI CTHSE,1566678,New Mexico,87102,1998,325935
NM0061ZZ - LAS CRUCES COURTHOUSE,2999318,New Mexico,88001,2010,0
NM0502ZZ - ALBUQUERQUE FED BLDG,2999319,New Mexico,87102,1931,0
NV0012ZZ - C CLIFTON YOUNG FBCT,2630092,Nevada,895021317,1965,133438
NV0013ZZ - FOLEY FB AND CTHS,1279939,Nevada,89101,1967,209205
NV0014ZZ - CARSON CITY FEDERAL BLDG,1279338,Nevada,89701,1970,51338
NV0288ZZ - ALAN BIBLE FEDERAL BLDG,1279940,Nevada,89101,1985,160255
NV0294ZZ - BR THOMPSON COURTHOUSE,1278822,Nevada,89501,1995,206886
NV0304ZZ - LLOYD GEORGE COURTHOUSE,1299353,Nevada,89101,2000,454895
NY0000AB - USBS ALEXANDRIA BAY,2630093,New York,136079998,1974,57504
NY0000CB - USBS CHAMPLAIN,2630094,New York,129194440,2010,196585
NY0000CI-CHATEAUGAY LPOE,3981443,New York,12920,1985,9440
NY0000IY - BINGHAMTON DEPOT FACILITY,2999320,New York,13901,1945,830508
NY0000MB - USBS MASSENA,2999321,New York,13662,2009,95051
NY0000OC - MCEWEN CUSTOMS HOUSE,2630096,New York,136691411,1810,27317
NY0002ZZ - FOLEY US PO & CH,2414182,New York,12207,1934,230713
NY0026ZZ - DILLON US CH,2630098,New York,142023476,1936,180416
NY0059ZZ-USBS FORT COVINGTON,2630099,New York,12937,1985,6391
NY0128ZZ - 201 VARICK FED BLDG,1259993,New York,10014,1929,1013949
NY0130ZZ - MARSHALL US CH,1359,New York,10007,1936,730533
NY0131ZZ - HAMILTON CUSTOMS HOUSE,2630100,New York,100041415,1907,501226
NY0196ZZ - USBS OVERTON-ROUSES,2630102,New York,129799998,1933,10455
NY0197ZZ - USBS ST JOHNS-ROUSES,2630103,New York,129799998,1933,18948
NY0216ZZ - USBS TROUT RIVER,2630104,New York,138470000,1932,8842
NY0218ZZ - PIRNIE FED BLDG,2414170,New York,13501,1928,118680
NY0234ZZ - DUBERSTEIN US CH,2630105,New York,112011801,1892,565851
NY0270ZZ - CELLER US CH,2630107,New York,112011818,1963,323833
NY0281ZZ - HANLEY US CH & FED BLDG,2414177,New York,13261,1979,329839
NY0282ZZ - JACOB JAVITS FED BLDG,2423784,New York,10278,1968,2745759
NY0300ZZ - O'BRIEN FED BLDG,2414220,New York,12207,1975,256954
NY0304ZZ - KEATING FED BLDG,2414174,New York,14614,1974,264031
NY0311ZZ - HOWARD STREET GARAGE,2630108,New York,100133601,1933,0
NY0323ZZ - MOLLO FED BLDG,2999322,New York,10007,1975,160280
NY0349ZZ - ADDABBO FED BLDG,1581942,New York,11432,1989,905040
NY0350ZZ - WEISS FED BLDG,2630109,New York,10007,1994,938300
NY0351ZZ - MOYNIHAN US CH,1259962,New York,10007,1994,933715
NY0353ZZ - BRIEANT US CH,1259977,New York,10601,1995,149472
NY0355ZZ - D'AMATO US CH,2630110,New York,117224469,2000,1014037
NY0369ZZ - RH BROWN US MISSION BLDG,2999323,New York,10017,2010,165637
NY0371ZZ-JACKSON US COURTHOUSE,2999324,New York,14202,2012,284674
NY0375ZZ - USBS MASSENA,2630111,New York,136620000,2009,95047
NY0399ZZ - ROOSEVELT US CH,2630112,New York,11201,2005,691960
NY0586ZZ - USBS CHATEAUGAY,2630113,New York,129209998,1933,6340
NY0626MI - USBS MOOERS,2630114,New York,129580000,1932,5504
NY6448ZZ-ONE PIERREPONT PLAZA,4337849,New York,11201,1997,66056
NY7013ZZ-INTERCHEM BUILDING,4337850,New York,10036,1994,181896
NY7035ZZ-STARRET LEHIGH,4337851,New York,10011,1994,250395
NY7044ZZ-140 GRAND,4337852,New York,10601,1995,22601
NY7138ZZ-ONE AVIATION PLAZA,4337853,New York,11430,2003,209244
NY7160ZZ-THE ATRIUM,4337854,New York,10314,1998,6404
NY7282ZZ-33 MAIDEN LANE,4337855,New York,10038,2004,43936
NY7288ZZ-100 MYRTLE AVENUE,4337856,New York,11201,2013,119629
NY7321ZZ-OFFICE OF US ATTORNEYS,4337857,New York,10007,2004,72259
NY7346ZZ-THE BULOVA CORPORATE,4337858,New York,11370,2005,15407
NY7370ZZ-111 EIGHTH AVE.,4337859,New York,10011,2007,45122
NY7402ZZ-2 METROTECH CENTER,4337860,New York,11201,2007,23238
NY7503ZZ-BELLTEL LOFTS,4337861,New York,11219,2013,13425
OH0000CL-BRICKER FEDERAL BLDG,1582428,Ohio,43215,1985,453710
OH0000CN - POTT STEWART PO CT,1611790,Ohio,45202,1938,1333788
OH0000DD - WAREHOUSE 4,2387002,Ohio,45420,1952,212204
OH0033ZZ-METZENBAUM US CTHSE,1424644,Ohio,44114,1973,245368
OH0046ZZ - Kinneary US Courthouse ARRA,1035801,Ohio,43215,1935,284798
OH0100ZZ - DONALD PEASE FB,1583679,Ohio,44256,1938,8825
OH0143ZZ - ASHLEY COURTHOUSE,2411696,Ohio,43604,1932,91767
OH0192ZZ - CELEBREZZE FED BLDG,1437116,Ohio,44199,1966,1482777
OH0194ZZ - SEIBERLING FB CTHSE,1165520,Ohio,44308,1974,256905
OH0195ZZ - DAYTON FED BLG CTHSE,1154584,Ohio,45402,1974,169020
OH0196ZZ - FED PARKING FACILITY,2630116,Ohio,454022104,1979,0
OH0215ZZ - LAMBROS FB CTHSE,1782904,Ohio,44503,1995,42608
OH0301ZZ - STOKES US COURTHOUSE,1165556,Ohio,44114,2002,779709
OH0302ZZ - N R JONES FED BLDG,1769197,Ohio,44503,2002,52255
OH2030ZZ-LAKEWOOD CENTER WEST,4337862,Ohio,44107,1989,17181
OH2090ZZ-CROWN CENTRE,4337863,Ohio,44131,1994,10922
OH2093ZZ-EATON CENTER,4337864,Ohio,44114,1993,27918
OH2138ZZ-ROCKSIDE CENTER III,4337865,Ohio,44131,1995,72704
OH2158ZZ-ATRIUM II BUILDING,4337866,Ohio,45202,2003,78722
OK0000CT - OKC POST OFF CTHS,2630117,Oklahoma,731023440,1912,513048
OK0000OC - PMD CENTER WAREHSE,2630118,Oklahoma,731297653,1942,21912
OK0039ZZ - CARL ALBERT FB CTHS,1581968,Oklahoma,74501,1914,24943
OK0041ZZ - MUSKOGEE FB CTHS,1583405,Oklahoma,74401,1915,133565
OK0063ZZ - TULSA FED BLDG,1577605,Oklahoma,74103,1917,154060
OK0074ZZ - LAWTON FED BLDG CTHS,2389905,Oklahoma,73501,1917,27799
OK0101ZZ - OKLAHOMA CTY FED BLD,1582249,Oklahoma,73102,2003,180767
OR0000MM - MEDFORD USGS BLDG,2630119,Oregon,975013000,1993,5621
OR0000PT - TROUTDALE W FED WHS,2630120,Oregon,970609539,1945,51570
OR0018ZZ - J A REDDEN US CTHS,2630121,Oregon,975012766,1916,33804
OR0023ZZ - GUS J. SOLOMON CTHSE,1406932,Oregon,97205,1933,205338
OR0024ZZ - PIONEER US CTHSE,20621,Oregon,97204,1875,56282
OR0033PE - 911 FEDERAL BUILDING,20624,Oregon,97232,1953,312447
OR0043ZZ - E.GREEN - W.WYATT FB,20005,Oregon,97204,1975,449418
OR0045ZZ - DAVID J. WHEELER FB,20627,Oregon,97814,1969,58599
OR0051ZZ - EUGENE FB-CT,2630122,Oregon,974012773,1974,111697
OR0052ZZ - MARK O. HATFIELD CT,18503,Oregon,97205,1997,591692
OR0053ZZ - WAYNE L. MORSE US CT,1400169,Oregon,97401,2006,270325
PA0000AT - WISSAHICKON FED BLDG,2474727,Pennsylvania,19144,1998,449021
PA0000BG - BYRNE GREEN COMPLEX,1134770,Pennsylvania,19106,1970,1709559
PA0000ER - ERIE FED BLDG COURTHOUSE,2399705,Pennsylvania,16501,1938,172531
PA0000NC - NEALON FED BLDG & CTHSE,2630123,Pennsylvania,18503,1931,334867
PA0143ZZ - RN NIX FED BLDG & USPO,1299442,Pennsylvania,19107,1937,395730
PA0144ZZ - PHILADELPHIA CUSTOMHOUSE,1297698,Pennsylvania,19106,1934,561551
PA0158ZZ - PITTSBURG PO & COUTHOUSE,2399391,Pennsylvania,15219,1934,739902
PA0233ZZ - MOORHEAD FEDERAL BLDG,2399398,Pennsylvania,15222-4004,1964,771244
PA0235ZZ - SCHNEEBELI FED BLDG CTHSE,2630124,Pennsylvania,177016438,1976,81308
PA0260ZZ - SSA TRUST FUND BLDG,2630125,Pennsylvania,172011813,1972,6829
PA0261ZZ - SSA GREENSBURG,2630126,Pennsylvania,156012906,1971,9870
PA0267ZZ - REAGAN FED BLDG & CTHSE,2399399,Pennsylvania,17108,1966,252280
PA0276ZZ - SSA HAZLETON,2630127,Pennsylvania,182016329,1972,8413
PA0280ZZ - SSA PITTSBURG,2720,Pennsylvania,15230,1970,12282
PA0588ZZ - CAHN FED BLDG & COURTHSE,2630128,Pennsylvania,181051518,1995,94069
PR0000FP - GSA CENTER,2999327,Puerto Rico,00934,1945,85639
PR0003ZZ - TOLEDO US CH & FED BLDG,2630129,Puerto Rico,009019998,1914,125050
PR0017ZZ - DEGETAU US CH & FED BLDG,1260020,Puerto Rico,00918,1974,15249
PR0023ZZ - DEGETAU CHILD CARE CENTER,3609952,Puerto Rico,00918,1900,0
Potter Stewart Courthouse,3940647,Ohio,45202,1938,542040
RI0009ZZ - PROVIDENCE COURTHOUSE,1539,Rhode Island,02903,1908,118870
RI0010ZZ - JO PASTORE FEDERAL BLDG,1540,Rhode Island,02903,1940,113112
SC0000AA-S THURMOND FED BLDG,2406709,South Carolina,29201,1985,476363
SC0000AC-CHARLESTON PO-CT and Hollings Judicial Center,2630130,South Carolina,29401,1897,92537
SC0002ZZ-C SIMON COURTHOUSE,2630131,South Carolina,29801,1985,14566
SC0004ZZ-GR ANDERSON FB CTHS,2630132,South Carolina,29621,1985,31806
SC0010ZZ-M PERRY COURTHOUSE,2630133,South Carolina,29201,2004,213305
SC0011ZZ-CHARLESTON US CUSTOM HSE,2630134,South Carolina,29403,1879,57577
SC0013ZZ-PERRY PARKING DECK,2406547,South Carolina,29201,2002,323000
SC0018ZZ-DAVIS BANKRUPTCY CTHS,2630135,South Carolina,29201,1973,58135
SC0020ZZ - VA REGIONAL OFFICE,2630136,South Carolina,292012401,1952,94361
SC0028ZZ-HAYNSWORTH FB CTHS,1549,South Carolina,29601,1973,86013
SC0041ZZ-RUSSELL FED BLDG CTHS,2630137,South Carolina,29301,1973,55417
SC0058ZZ-MCMILLAN FED BLDG CTHS,2630138,South Carolina,29501,1985,110891
SC2039ZZ - Beaufort Courthouse,2822500,South Carolina,299025404,1970,14653
SC2046ZZ - JOSIAH HOUSE,2822475,South Carolina,294012202,1970,50888
SD0021ZZ - SIOUX FALLS US COURTHOUSE,2280760,South Dakota,57104,1895,78043
SD0034ZZ - PIERRE FED BLDG PO CTHSE,2280860,South Dakota,57501,1965,104782
SD0035ZZ - BOGUE FED BLD CTHSE,2280762,South Dakota,57701,1973,74505
SD0038ZZ - HURON FEDERAL BUILDING,1563,South Dakota,57350,1977,94375
SD0040ZZ - ABERDEEN FED BLDG,1564,South Dakota,57401,1973,166847
TEST FACILITY,4322941,District of Columbia (D.C.),20405,1650,100000
TEST FACILITY - Central Office,4138715,District of Columbia (D.C.),20000,2000,200000
TEST GSA CAMPUS,4145824,Massachusetts,02222,1985,453710
TN0000AA - E KEFAUVER FED BLDG,2265559,Tennessee,37203,1952,619147
TN0004ZZ-HOWARD BAKER JR CTHS,2630140,Tennessee,37902,1995,374416
TN0006ZZ - Joel W. Solomon Federal Building and U.S. Courthouse,2630141,Tennessee,374030000,1933,150072
TN0010ZZ - COLUMBIA FB CT,2630142,Tennessee,38401,1941,38626
TN0011ZZ - L CLURE MORTON PO CT,2630143,Tennessee,38501,1916,24872
TN0012ZZ - JH QUILLEN FED BLD,2377004,Tennessee,37745,2001,160974
TN0016ZZ - TENN CARE BLDG,2630144,Tennessee,372432301,2010,0
TN0021ZZ - 416 CUMBERLAND AVE SW,2999328,Tennessee,37902,1900,0
TN0029ZZ - ED JONES FB-CT,2630145,Tennessee,383016123,1932,65430
TN0076ZZ-JOHN J DUNCAN FB,1056461,Tennessee,37901,1989,172684
TN0088ZZ - CLIFFORD DAVIS FB,2630146,Tennessee,38103,1963,494153
TN0096ZZ - Winchester Federal Building and U.S. Courthouse,2630148,Tennessee,373981763,1966,44729
TX0000AT - AUSTIN FINANCE CTR,2630149,Texas,787410001,1967,378919
TX0000AU - AUSTIN FED COMPLEX,18001,Texas,78701,1965,449550
TX0000BM - USBS B&M-ADMIN BLDG,2630150,Texas,785204119,1991,44348
TX0000BN - USBS GATEWAY FACILIT,2630151,Texas,785204954,1969,79142
TX0000CB - USBS COLUMBIA,2630152,Texas,780409998,1991,163862
TX0000CR - USBS EAGLE PASS II,2630153,Texas,78852,1999,73000
TX0000CV - USBS CONVENT,2630154,Texas,78040,1943,59598
TX0000DA - SANTA FE-CABELL FED BLDG,2406855,Texas,75242,1925,1416566
TX0000DL - USBS DEL RIO,2630155,Texas,788405356,2003,117953
TX0000DO - DONNA US BORDER STATION,2999329,Texas,78537,1900,0
TX0000DR - BPSH DEL RIO !HQTRS!,2630157,Texas,788407697,1964,12982
TX0000EL - USBS BR OF THE AMERS,2630158,Texas,799054204,2002,181503
TX0000EP - USBS EAGLE PASS I,2630159,Texas,788524875,1960,84139
TX0000ES - USBS STANTON ADMIN B,2630160,Texas,79901,1999,8698
TX0000FB - USBS FABENS ADMIN BL,2630161,Texas,798389800,2007,10889
TX0000FH-USBS FORT HANCOCK,2630162,Texas,79839,2003,5849
TX0000FW - FT WORTH FED CTR,2630163,Texas,761153400,1942,1374683
TX0000HD - USBS HIDALGO,2630164,Texas,78557,1982,74401
TX0000HF - 1 JUSTICE PARK DRIVE FB,2999330,Texas,77092,2005,527662
TX0000HO - LABRANCH FED BLDG,2630165,Texas,77001,1946,81475
TX0000JL - USBS JUAREZ LINCOLN,2630166,Texas,78040,1975,214920
TX0000LI - USBS LOS INDIOS,2630167,Texas,785679800,1992,106146
TX0000LR - BPSH LAREDO !HQTRS!,2630169,Texas,780402224,1970,26666
TX0000LT - USBS LOS TOMATES,2630170,Texas,785216762,1996,123715
TX0000LW - LAREDO WEST US BDR STATIO,2999331,Texas,78045,1900,0
TX0000MA - BPSH MCALLEN ADM BLDG,2630171,Texas,785013147,1972,30259
TX0000MC - USBS ANZALDUAS,2630172,Texas,785019998,2009,54337
TX0000MD - MIDLAND FEDERAL FACILITY,1594,Texas,79701,1970,123719
TX0000MF - HEADQUARTERS BLDG,2630173,Texas,798439998,1991,28844
TX0000NW - USBS WORLD TRADE EXPORT,2630174,Texas,780437846,2000,180344
TX0000PD - USBS PRESIDIO ADMIN,2630175,Texas,79845,2002,45543
TX0000PH - USBS PHARR ADMIN BLD,2630176,Texas,785778650,1996,134732
TX0000PN - USBS PASO DEL NORTE,2630177,Texas,799013213,1967,121328
TX0000PR - USBS ADMIN BUILDING,2630179,Texas,78579,1983,31291
TX0000RM - USBS ROMA ADM BLDG,2630180,Texas,78584,1989,41259
TX0000RY - USBS RIO GRANDE ADMI,2630181,Texas,78582,2001,49654
TX0000SA - SAN ANTONIO FED CENTER,2630182,Texas,782041211,1914,13479
TX0000TG-TORNILLO-GUADALUPE LPOE,4428021,Texas,79853,2015,95942
TX0000TY - TYLER POST OFFICE - CTHSE,2630183,Texas,757017200,1934,108739
TX0000YS - USBS YSLETA HEADHSE,2630184,Texas,799076656,1991,184680
TX0006ZZ - J.M. JONES FEDERAL BLDG,2390728,Texas,79101,1939,68177
TX0012ZZ - AUSTIN COURTHOUSE,1726921,Texas,78701,1935,63264
TX0019ZZ - J BROOKS FEDERAL BLDG,2393761,Texas,777012222,1934,158999
TX0057ZZ - TERMINAL ANNEX FED BLDG,1527740,Texas,75202,1930,254768
TX0069ZZ - EL PASO COURTHOUSE,1970124,Texas,79901,1936,125532
TX0075ZZ - FORT WORTH COURTHOUSE,1526958,Texas,76102,1933,134318
TX0081ZZ - GALVESTON USPO COURTHOUSE,1494449,Texas,77550,1937,128373
TX0101ZZ - HOUSTON US CUSTOM HOUSE,1493223,Texas,77002,1911,166991
TX0117ZZ - LAREDO USPO COURT HOUSE,1586,Texas,78040,1906,58819
TX0126ZZ - WR BURKE  US COURTHOUSE,2393639,Texas,75901,1935,24432
TX0130ZZ - SB HALL JR FEDERAL BLDG,1974208,Texas,75670,1914,18195
TX0163ZZ - OC FISHER FED BLDG CTHS,2394404,Texas,76903,1911,54534
TX0164ZZ - HF GARCIA US FOB CTHS,1555207,Texas,78205,1937,283693
TX0185ZZ - ML KING JR FEDERAL BLDG,1943108,Texas,77901,1960,71644
TX0200ZZ - SSA DALLAS DIST OFFICE,1979401,Texas,75201,1975,11282
TX0210ZZ - SHERMAN FED BLDG CTHS,1959421,Texas,75090,1907,34822
TX0211ZZ - BOB CASEY US COURTHOUSE,1493066,Texas,77002,1962,538700
TX0224ZZ - FG LANHAM FEDERAL BLDG,1526908,Texas,76102,1966,711867
TX0230ZZ - GH MAHON FED BLDG CTHSE,1972272,Texas,79401,1971,182810
TX0231ZZ - PEARSALL FED BLDG PO,1619510,Texas,78061,1973,9471
TX0247ZZ - FT WORTH FED PARK GARAGE,1600,Texas,76102,1973,7980
TX0272ZZ - RC WHITE FEDERAL BLDG,2424885,Texas,79901,1985,199621
TX0292ZZ - AM SMITH FEDERAL BLDG,1527775,Texas,75202,1972,198258
TX0297ZZ - ALLIANCE TOWER,1492832,Texas,77074,1985,245199
TX0298ZZ-GT LELAND FEDERAL BLDG,1493850,Texas,77002,1989,550755
TX0302ZZ - THE CENTRE PHASE 5,1528764,Texas,75234,1983,351253
TX0311ZZ - LAREDO FED BLDG CTHSE,1942281,Texas,78040,2004,138741
TX0313ZZ - CORPUS CHRISTI COURTHSE,1929703,Texas,78401,2001,172003
TX0316ZZ - BROWNSVILLE FB CTHS,1506542,Texas,78520,1999,189225
TX0319ZZ - EL PASO FED BLDG COURTHSE,2999332,Texas,79901,2008,277632
TX0397ZZ-NEW AUSTIN COURTHOUSE,3509146,Texas,78701,2013,250995
TX0400ZZ - 1 JUSTICE PARK DRIVE,2630185,Texas,770921900,2009,0
TX0441ZZ-SAN ANTONIO FED PKG GARAG,3362008,Texas,78205,2012,0
TX0501HS-SAN ANTONIO FED BLDG WEST,1556004,Texas,78206,1985,180230
TX0502HS - J WOOD COURTHOUSE,1590773,Texas,78206,1968,144284
TX0503HS - AA SPEARS TRAINING CTR,2630186,Texas,782061101,1968,20459
TX0701HO - FEDERAL BUILDING,1493590,Texas,77004,1946,78710
TX0999NW - USBS WORLD TRADE MOD BLDG,3609953,Texas,78040,1900,0
TX0999ZZ - USBS WORLD TRADE MOD BLDG,2630187,Texas,78040,1995,2016
TX1514ZZ - Waco Courthouse,2019021,Texas,76701,1935,142110
Test Peck,4145829,Massachusetts,02222,1985,791748
Test Potter,4145828,Massachusetts,02222,1985,542825
UT0010ZZ - OGDEN FOREST SVC BLDG,2280794,Utah,84401,1933,53145
UT0014ZZ - J WILL ROBINSON FED BLDG,1621,Utah,84601,1938,29480
UT0017ZZ - FE MOSS US COURTHOUSE,2280840,Utah,84101,1932,234288
UT0018ZZ-SALT LAKE CITY FED CTHSE,4095195,Utah,84101,2014,401209
UT0032ZZ - WF BENNETT FEDERAL BLDG,2280796,Utah,84138,1963,353153
UT0035ZZ - JV HANSEN FED BLDG CTHSE,2280798,Utah,84401,1965,206346
UT0037ZZ - GSA MOTOR POOL BUILDING,2630190,Utah,841112107,1966,7035
UT0039ZZ - IRS BUILDING,1626,Utah,84601,1971,6395
UT0042ZZ - ST GEORGE FED BLDG,2630191,Utah,847703467,1967,10163
VA0000AN - FRANCONIA WAREHOUSE,2630192,Virginia,22150,1953,1373687
VA0000CT - POWELL CTHSE & ANNEX,2223697,Virginia,23219,1858,313589
VA0002ZZ - ABINGDON FED BLDG,2630193,Virginia,242102844,1959,37087
VA0003ZZ - MARTIN BOSTETTE CTHS,2630194,Virginia,223095405,1931,63518
VA0020ZZ - BASCOM SLEMP FED BLDG,2630195,Virginia,242192824,1913,28783
VA0034ZZ - DANVILLE PO & CTHSE,2630196,Virginia,245411830,1934,47000
VA0034ZZ-DANVILLE PO && CTHSE,4041005,Virginia,24541,2001,40000
VA0053ZZ-CUSTOMHOUSE,2250194,Virginia,23501,1985,30890
VA0054ZZ - HOFFMAN COURTHOUSE,2630197,Virginia,235011915,1934,216792
VA0087ZZ - PORTSMOUTH FED BLDG,2630198,Virginia,237043818,1961,147461
VA0088ZZ - RICHMOND FED BLDG,2630199,Virginia,23219,1962,365041
VA0095ZZ - POFF FEDERAL BLDG,2436896,Virginia,24011,1975,341289
VA0321ZZ - AV BRYAN COURTHOUSE,2630200,Virginia,223125702,1995,348850
VA0578ZZ - US DISTRICT COURTHOUSE,2222937,Virginia,23219,2008,364827
VA0686ZZ - HARRISONBURG COURTHOUSE,2249780,Virginia,22801,1939,62085
VA0719ZZ - UNITED STATES COURTHOUSE,2249767,Virginia,24504,2005,64523
VA1608ZZ - NORFOLK FED BLDG,2630201,Virginia,235011811,1976,219417
VI0007ZZ - DELUGO FED BLDG - ST THOMAS,2630202,Virgin Islands of the U.S.,008016424,1977,93417
VI0008ZZ - CHRISTIAN FED BLDG - ST CROIX,2630203,Virgin Islands of the U.S.,008204226,1992,76227
VT0000BD-USBS DERBY I-91,2392051,Vermont,05830,1985,15691
VT0000BH-US BORDER STATION,3981450,Vermont,05460,1985,46299
VT0000BN-USBS NORTON,2630204,Vermont,05907,1985,8184
VT0000BP - USBS BEEBE PLAIN,2630206,Vermont,05823,1937,3638
VT0000BS-USBS ALBURG SPRINGS,2397740,Vermont,05440,1985,3702
VT0000BT - USBS NORTH TROY,2630207,Vermont,058599515,1937,14925
VT0000PD-USBS && USPO DERBY LINE,2630209,Vermont,05830,1985,16898
VT0002ZZ - USBS BEECHER FALLS,2397749,Vermont,05902,1932,8970
VT0007ZZ-USBS CANAAN,2397712,Vermont,05903,1985,5856
VT0008ZZ-USBS EAST RICHFORD,2397742,Vermont,05476,1986,8714
VT0014ZZ-USBS RICHFORD,2630210,Vermont,05476,1985,7895
VT0018ZZ - ST ALBANS FED BLDG & USPO,1679,Vermont,05478,1938,65854
VT0020SW - GARAGE USBP SWANTON HDQTR,3478839,Vermont,05488,1900,11493
VT0024ZZ-BURLINGTON CTHS && USPO,1681,Vermont,05401,1973,147860
VT0026ZZ - MONTPELIER FEDERAL BLDG,1682,Vermont,05602,1964,73261
VT0028ZZ - WINSTON PROUTY FED BLDG,1683,Vermont,05452,1972,12468
VT0029SW - USBP SWANTON SECTOR HDQTR,3478840,Vermont,05488,1900,0
VT0034ZZ-SSA MONTPELIER,1684,Vermont,05602,1985,6803
VT0035ZZ - SSA BURLINGTON,1685,Vermont,05401,1972,8002
VT0052BH - MYERS BLDG HIGHGATE,2392070,Vermont,05460,1973,2306
VT0057BH - USBS HIGHGATE SPRING,2397705,Vermont,05460,1997,24051
VT0059BH - FDA-PPQ HIGHGATE SPRINGS,2630211,Vermont,054609998,2005,9241
VT0756BT-USBS NORTH TROY,2999333,Vermont,05859,2004,8001
VT0851BW - USBS WEST BERKSHIRE,2630208,Vermont,05457,1985,7439
WA0000BN - USBS PACIFIC HIGHWAY,2630230,Washington,982309242,1999,97431
WA0000FB - USBS CURLEW,2630214,Washington,99118,1937,5000
WA0000KC-SEATTLE FED CTR SO,20635,Washington,98134,1973,624463
WA0000KF - AUBURN CTR COMPLEX,2630217,Washington,980017426,1970,1442040
WA0000MB - USBS METALINE FALLS,2630219,Washington,991539998,1932,10546
WA0000OB - USBS OROVILLE,2630220,Washington,988449525,2003,68822
WA0028ZZ - RICHARD B. ANDERSON FB,2630223,Washington,98362,1985,22569
WA0035ZZ - NAKAMURA COURTHOUSE,20646,Washington,98104,1940,189305
WA0036ZZ - SEATTLE FED BLDG,20647,Washington,98174,1933,284605
WA0045ZZ - SPOKANE FED BLD USPO,20649,Washington,99201,1904,160293
WA0053ZZ - WM O DOUGLAS FBUSCT,20650,Washington,98901,1912,58282
WA0059ZZ - FED NARA-NARC,2630224,Washington,981157959,1946,187754
WA0063ZZ - RICHLAND FB,18430,Washington,99352,1965,386561
WA0064ZZ - T S FOLEY US COURTHO,18816,Washington,99201,1967,301915
WA0066BP - BOR PATROL SECT HQ,2630225,Washington,982309169,1966,11847
WA0067BP - BLAINE BORDER STATION ANNEX - DETENTION,2630226,Washington,982309169,1991,4074
WA0082ZZ - WENATACHEE FED BLDG,18332,Washington,98801,1973,104414
WA0089HQ - BORD PATROL SECT HQ,2630227,Washington,992181642,1966,12544
WA0094ZZ - VANCOUVER FED BLDG,2630228,Washington,986602871,1966,21725
WA0101ZZ - JACKSON FED BLDG,18149,Washington,98174,1973,865147
WA0102ZZ - SEATTLE US COURTHOUS,1237262,Washington,98101,2004,679979
WA0118ZZ - FDA BLDG BOTHELL,18148,Washington,98041,1988,61264
WA0119PR - USBS POINT ROBERTS,2630229,Washington,982819998,1998,26422
WA0122HQ - BORDER PATROL ANNEX,2630231,Washington,992181642,1997,6994
WA0132PA - PEACE ARCH LAND PORT OF ENTRY,20632,Washington,98230,2010,51782
WA0141BP - BLDG. VAULT,2630232,Washington,982309169,2006,5000
WA0148ZZ-FED RESERVE BANK OF SF,3981451,Washington,98104,2013,86800
WA0540YB - USBS KENNETH G. WARD,20640,Washington,98264,1986,17362
WA0550DV - USBS DANVILLE,20633,Washington,98121,1988,5000
WA0601LB - LAURIER LAND PORT OF ENTRY BUILDING,20636,Washington,99146,1936,6100
WA0653SB - USBS SUMAS,20639,Washington,98295,1990,22013
WA0811KA - ADMINISTRATION BLDG,20653,Washington,98001,1961,104508
WA0831KF - WAREHOUSE 7,2314920,Washington,98001,2006,205535
WA7587ZZ - UNION STATION TACOMA,18147,Washington,98402,1911,187094
WI0016ZZ - EAU CLAIRE FB CTHSE,1165560,Wisconsin,54701,1909,29481
WI0044ZZ - MILWAUKEE FB CTHSE,1165568,Wisconsin,53202,1899,475879
WI0095ZZ - SSA OSHKOSH,2630234,Wisconsin,549015011,1972,5625
WI0096ZZ - RACINE SSA DIST OFF,2410805,Wisconsin,53405,1972,7715
WI0098ZZ - SSA SHEBOYGAN,2410798,Wisconsin,53081,1972,5340
WI0350ZZ - KASTEMEIER CTHSE,1582459,Wisconsin,53705,1984,74528
WV0000WH - WHEELING FED BLDG & CTHSE,2630235,West Virginia,26003,1907,202449
WV0003ZZ - ELIZABETH KEE FED BLDG,2630236,West Virginia,247013066,1908,42945
WV0010ZZ - FOREST SERVICE BLDG,2630237,West Virginia,262413932,1937,32437
WV0030ZZ - PARKERSBURG FED BLDG,2630238,West Virginia,261015352,1963,175208
WV0050ZZ - MT HOPE FED BLDG & GARAGE,2630239,West Virginia,258801006,1959,40325
WV0053ZZ - MARTINSBURG COURTHOUSE,2630240,West Virginia,254013286,1961,75300
WV0054FP - HUNTINGTON FED BLDG,2630241,West Virginia,257002035,1958,231542
WV0057ZZ - SUMMERVILLE FED BLDG & PO,2630242,West Virginia,266511332,1966,11649
WV0163ZZ - BYRD US COURTHOUSE,2436904,West Virginia,25301,1998,447612
WV0171ZZ - BYRD FED BLDG & COURTHSE,2630244,West Virginia,258014501,1999,190358
WV0226ZZ-FED BLDG TRACING CENTER,2436910,West Virginia,25401,2000,168970
WV1251ZZ - RANDOLPH FEDERAL CTR,2630245,West Virginia,262413898,1974,53550
WY0003ZZ - EWING KERR FB CTHSE,2999336,Wyoming,82601,1932,57605
WY0004ZZ - CHEYENNE FEDERAL BLDG,2280774,Wyoming,82001,1933,33740
WY0029ZZ - JC OMAHONEY FED CTR,2280806,Wyoming,82001,1964,179201
WY0030ZZ - DICK CHENEY FED BLDG,2280867,Wyoming,82601,1970,130049
WY0034ZZ - STORAGE BUILDING,2630246,Wyoming,820013663,1970,1000
WY0035ZZ - CLIFFORD HANSEN FED CTHSE,3236645,Wyoming,83001,1980,3899
