Portfolio Manager ID,Portfolio Manager Meter ID,Meter Type,End Date,Usage/Quantity,Usage Units,Cost ($)
2629916,4717298,Natural Gas,2002-10-31 00:00:00,25000.0,cf (cubic feet),254.0
2629916,4717298,Natural Gas,2002-11-30 00:00:00,21000.0,cf (cubic feet),201.0
2629916,4717298,Natural Gas,2002-12-31 00:00:00,37300.0,cf (cubic feet),339.0
2629916,4717298,Natural Gas,2003-01-31 00:00:00,10600.0,cf (cubic feet),115.0
2629916,4717298,Natural Gas,2003-02-28 00:00:00,6700.0,cf (cubic feet),79.0
2629916,4717298,Natural Gas,2003-03-31 00:00:00,38800.0,cf (cubic feet),480.0
2629916,4717298,Natural Gas,2003-04-30 00:00:00,20800.0,cf (cubic feet),253.0
2629916,4717298,Natural Gas,2003-05-31 00:00:00,20300.0,cf (cubic feet),251.0
2629916,4717298,Natural Gas,2003-06-30 00:00:00,21800.0,cf (cubic feet),261.0
2629916,4717298,Natural Gas,2003-07-31 00:00:00,22700.0,cf (cubic feet),271.0
2629916,4717298,Natural Gas,2003-08-31 00:00:00,15500.0,cf (cubic feet),194.0
2629916,4717298,Natural Gas,2003-09-30 00:00:00,25400.0,cf (cubic feet),300.0
2629916,4717298,Natural Gas,2003-10-31 00:00:00,24900.0,cf (cubic feet),301.0
2629916,4717298,Natural Gas,2003-11-30 00:00:00,23200.0,cf (cubic feet),282.0
2629916,4717298,Natural Gas,2003-12-31 00:00:00,43800.0,cf (cubic feet),489.0
2629916,4717298,Natural Gas,2004-01-31 00:00:00,45900.0,cf (cubic feet),504.0
2629916,4717298,Natural Gas,2004-02-29 00:00:00,60000.0,cf (cubic feet),678.0
2629916,4717298,Natural Gas,2004-03-31 00:00:00,60000.0,cf (cubic feet),678.0
2629916,4717298,Natural Gas,2004-04-30 00:00:00,60000.0,cf (cubic feet),387.0
2629916,4717298,Natural Gas,2004-05-31 00:00:00,25000.0,cf (cubic feet),179.0
2629916,4717298,Natural Gas,2004-06-30 00:00:00,25000.0,cf (cubic feet),179.0
2629916,4717298,Natural Gas,2004-07-31 00:00:00,30000.0,cf (cubic feet),372.0
2629916,4717298,Natural Gas,2004-08-31 00:00:00,30000.0,cf (cubic feet),372.0
2629916,4717298,Natural Gas,2004-09-30 00:00:00,24900.0,cf (cubic feet),301.0
2629916,4717298,Natural Gas,2004-10-31 00:00:00,24900.0,cf (cubic feet),301.0
2629916,4717298,Natural Gas,2004-11-30 00:00:00,24900.0,cf (cubic feet),301.0
2629916,4717298,Natural Gas,2004-12-31 00:00:00,24900.0,cf (cubic feet),301.0
2629916,4717298,Natural Gas,2005-01-31 00:00:00,24900.0,cf (cubic feet),301.0
2629916,4717298,Natural Gas,2005-02-28 00:00:00,40000.0,cf (cubic feet),406.0
2629916,4717298,Natural Gas,2005-03-31 00:00:00,27500.0,cf (cubic feet),381.0
2629916,4717298,Natural Gas,2005-04-30 00:00:00,27500.0,cf (cubic feet),381.0
2629916,4717298,Natural Gas,2005-05-31 00:00:00,25000.0,cf (cubic feet),318.0
2629916,4717298,Natural Gas,2005-06-30 00:00:00,18300.0,cf (cubic feet),245.0
2629916,4717298,Natural Gas,2005-07-31 00:00:00,15000.0,cf (cubic feet),206.0
2629916,4717298,Natural Gas,2005-08-31 00:00:00,33700.0,cf (cubic feet),425.0
2629916,4717298,Natural Gas,2005-09-30 00:00:00,15100.0,cf (cubic feet),198.0
2629916,4717298,Natural Gas,2005-10-31 00:00:00,24700.0,cf (cubic feet),415.0
2629916,4717298,Natural Gas,2005-11-30 00:00:00,25300.0,cf (cubic feet),458.0
2629916,4717298,Natural Gas,2005-12-31 00:00:00,26400.0,cf (cubic feet),471.0
2629916,4717298,Natural Gas,2006-01-31 00:00:00,32700.0,cf (cubic feet),599.0
2629916,4717298,Natural Gas,2006-02-28 00:00:00,21400.0,cf (cubic feet),377.0
2629916,4717298,Natural Gas,2006-03-31 00:00:00,30900.0,cf (cubic feet),525.0
2629916,4717298,Natural Gas,2006-04-30 00:00:00,22900.0,cf (cubic feet),383.0
2629916,4717298,Natural Gas,2006-05-31 00:00:00,29000.0,cf (cubic feet),484.0
2629916,4717298,Natural Gas,2006-06-30 00:00:00,23000.0,cf (cubic feet),380.0
2629916,4717298,Natural Gas,2006-07-31 00:00:00,21900.0,cf (cubic feet),364.0
2629916,4717298,Natural Gas,2006-08-31 00:00:00,20800.0,cf (cubic feet),347.0
2629916,4717298,Natural Gas,2006-09-30 00:00:00,22100.0,cf (cubic feet),367.0
2629916,4717298,Natural Gas,2006-10-31 00:00:00,27200.0,cf (cubic feet),441.0
2629916,4717298,Natural Gas,2006-11-30 00:00:00,32700.0,cf (cubic feet),532.0
2629916,4717298,Natural Gas,2006-12-31 00:00:00,34500.0,cf (cubic feet),494.0
2629916,4717298,Natural Gas,2007-01-31 00:00:00,30100.0,cf (cubic feet),502.0
2629916,4717298,Natural Gas,2007-02-28 00:00:00,27800.0,cf (cubic feet),449.0
2629916,4717298,Natural Gas,2007-03-31 00:00:00,27200.0,cf (cubic feet),466.0
2629916,4717298,Natural Gas,2007-04-30 00:00:00,26300.0,cf (cubic feet),428.0
2629916,4717298,Natural Gas,2007-05-31 00:00:00,31000.0,cf (cubic feet),542.0
2629916,4717298,Natural Gas,2007-06-30 00:00:00,23700.0,cf (cubic feet),391.0
2629916,4717298,Natural Gas,2007-07-31 00:00:00,1200.0,cf (cubic feet),35.0
2629916,4717298,Natural Gas,2007-08-31 00:00:00,54200.0,cf (cubic feet),852.0
2629916,4717298,Natural Gas,2007-09-30 00:00:00,38100.0,cf (cubic feet),609.0
2629916,4717298,Natural Gas,2007-10-31 00:00:00,28900.0,cf (cubic feet),468.0
2629916,4717298,Natural Gas,2007-11-30 00:00:00,31200.0,cf (cubic feet),492.0
2629916,4717298,Natural Gas,2007-12-31 00:00:00,31700.0,cf (cubic feet),517.0
2629916,4717298,Natural Gas,2008-01-31 00:00:00,37700.0,cf (cubic feet),601.0
2629916,4717298,Natural Gas,2008-02-29 00:00:00,35000.0,cf (cubic feet),563.0
2629916,4717298,Natural Gas,2008-03-31 00:00:00,24900.0,cf (cubic feet),406.0
2629916,4717298,Natural Gas,2008-04-30 00:00:00,34000.0,cf (cubic feet),572.0
2629916,4717298,Natural Gas,2008-05-31 00:00:00,31300.0,cf (cubic feet),506.0
2629916,4717298,Natural Gas,2008-06-30 00:00:00,24600.0,cf (cubic feet),452.0
2629916,4717298,Natural Gas,2008-07-31 00:00:00,31800.0,cf (cubic feet),579.0
2629916,4717298,Natural Gas,2008-08-31 00:00:00,35400.0,cf (cubic feet),641.0
2629916,4717298,Natural Gas,2008-09-30 00:00:00,28900.0,cf (cubic feet),530.0
2629916,4717298,Natural Gas,2008-10-31 00:00:00,27900.0,cf (cubic feet),515.0
2629916,4717298,Natural Gas,2008-11-30 00:00:00,29300.0,cf (cubic feet),515.0
2629916,4717298,Natural Gas,2008-12-31 00:00:00,30200.0,cf (cubic feet),542.0
2629916,4717298,Natural Gas,2009-01-31 00:00:00,35600.0,cf (cubic feet),622.0
2629916,4717298,Natural Gas,2009-02-28 00:00:00,31500.0,cf (cubic feet),535.0
2629916,4717298,Natural Gas,2009-03-31 00:00:00,34700.0,cf (cubic feet),581.0
2629916,4717298,Natural Gas,2009-04-30 00:00:00,37300.0,cf (cubic feet),621.0
2629916,4717298,Natural Gas,2009-05-31 00:00:00,33300.0,cf (cubic feet),559.0
2629916,4717298,Natural Gas,2009-06-30 00:00:00,33600.0,cf (cubic feet),563.0
2629916,4717298,Natural Gas,2009-07-31 00:00:00,34800.0,cf (cubic feet),582.0
2629916,4717298,Natural Gas,2009-08-31 00:00:00,30300.0,cf (cubic feet),511.0
2629916,4717298,Natural Gas,2009-09-30 00:00:00,32800.0,cf (cubic feet),551.0
2629916,4717298,Natural Gas,2009-10-31 00:00:00,35400.0,cf (cubic feet),588.0
2629916,4717298,Natural Gas,2009-11-30 00:00:00,30800.0,cf (cubic feet),484.0
2629916,4717298,Natural Gas,2009-12-31 00:00:00,45600.0,cf (cubic feet),704.0
2629916,4717298,Natural Gas,2010-01-31 00:00:00,35400.0,cf (cubic feet),556.0
2629916,4717298,Natural Gas,2010-02-28 00:00:00,32700.0,cf (cubic feet),514.0
2629916,4717298,Natural Gas,2010-03-31 00:00:00,33800.0,cf (cubic feet),489.0
2629916,4717298,Natural Gas,2010-04-30 00:00:00,31100.0,cf (cubic feet),445.0
2629916,4717298,Natural Gas,2010-05-31 00:00:00,28400.0,cf (cubic feet),409.0
2629916,4717298,Natural Gas,2010-06-30 00:00:00,32700.0,cf (cubic feet),347.0
2629916,4717298,Natural Gas,2010-07-31 00:00:00,35000.0,cf (cubic feet),435.0
2629916,4717298,Natural Gas,2010-08-31 00:00:00,23000.0,cf (cubic feet),287.0
2629916,4717298,Natural Gas,2010-09-22 00:00:00,25500.0,cf (cubic feet),315.0
2629916,4717298,Natural Gas,2010-10-23 00:00:00,23300.0,cf (cubic feet),345.0
2629916,4717298,Natural Gas,2010-11-23 00:00:00,27300.0,cf (cubic feet),396.0
2629916,4717298,Natural Gas,2010-12-24 00:00:00,22400.0,cf (cubic feet),308.0
2629916,4717298,Natural Gas,2011-01-24 00:00:00,20000.0,cf (cubic feet),278.0
2629916,4717298,Natural Gas,2011-02-24 00:00:00,15300.0,cf (cubic feet),220.0
2629916,4717298,Natural Gas,2011-03-27 00:00:00,14600.0,cf (cubic feet),211.0
2629916,4717298,Natural Gas,2011-04-27 00:00:00,15400.0,cf (cubic feet),231.0
2629916,4717298,Natural Gas,2011-05-28 00:00:00,5300.0,cf (cubic feet),90.0
2629916,4717298,Natural Gas,2011-06-28 00:00:00,13400.0,cf (cubic feet),200.0
2629916,4717298,Natural Gas,2011-07-29 00:00:00,200.0,cf (cubic feet),12.0
2629916,4717298,Natural Gas,2011-08-29 00:00:00,300.0,cf (cubic feet),19.0
2629916,4717298,Natural Gas,2011-09-29 00:00:00,25500.0,cf (cubic feet),315.0
2629916,4717298,Natural Gas,2011-10-30 00:00:00,23300.0,cf (cubic feet),345.0
2629916,4717298,Natural Gas,2012-10-10 00:00:00,0.0,cf (cubic feet),0.0
2629916,4717298,Natural Gas,2012-11-10 00:00:00,0.0,cf (cubic feet),0.0
2629916,4717298,Natural Gas,2012-12-10 00:00:00,0.0,cf (cubic feet),0.0
2629916,4717298,Natural Gas,2013-01-10 00:00:00,0.0,cf (cubic feet),0.0
2629916,4717298,Natural Gas,2013-02-09 00:00:00,0.0,cf (cubic feet),0.0
2629916,4717298,Natural Gas,2013-03-09 00:00:00,0.0,cf (cubic feet),0.0
2629916,4717298,Natural Gas,2013-04-10 00:00:00,0.0,cf (cubic feet),0.0
2629916,4717298,Natural Gas,2013-05-08 00:00:00,534900.0,cf (cubic feet),6864.0
2629916,4717298,Natural Gas,2013-06-06 00:00:00,105000.0,cf (cubic feet),1417.0
2629916,4717298,Natural Gas,2013-07-05 00:00:00,5200.0,cf (cubic feet),91.0
2629916,4717298,Natural Gas,2013-08-06 00:00:00,18600.0,cf (cubic feet),273.0
2629916,4717298,Natural Gas,2013-09-06 00:00:00,7000.0,cf (cubic feet),113.0
2629916,4717298,Natural Gas,2013-10-07 00:00:00,500.0,cf (cubic feet),22.0
2629916,4717298,Natural Gas,2013-11-08 00:00:00,78900.0,cf (cubic feet),1038.0
2629916,4717298,Natural Gas,2013-12-10 00:00:00,620500.0,cf (cubic feet),7483.0
2629916,4717298,Natural Gas,2014-01-10 00:00:00,803200.0,cf (cubic feet),9351.0
2629916,4717298,Natural Gas,2014-02-10 00:00:00,859000.0,cf (cubic feet),9836.0
2629916,4717298,Natural Gas,2014-03-12 00:00:00,682900.0,cf (cubic feet),7836.0
2629916,4717298,Natural Gas,2014-04-10 00:00:00,555300.0,cf (cubic feet),6502.0
2629916,4717298,Natural Gas,2014-05-12 00:00:00,347900.0,cf (cubic feet),4242.0
2629916,4717298,Natural Gas,2014-06-11 00:00:00,214900.0,cf (cubic feet),2618.0
2629916,4717298,Natural Gas,2014-07-11 00:00:00,114900.0,cf (cubic feet),1407.0
2629916,4717298,Natural Gas,2014-08-12 00:00:00,118900.0,cf (cubic feet),1453.0
2629916,4717298,Natural Gas,2014-09-11 00:00:00,62300.0,cf (cubic feet),793.0
2629916,4717298,Natural Gas,2014-10-10 00:00:00,138900.0,cf (cubic feet),1634.0
2629916,4717298,Natural Gas,2014-11-11 00:00:00,249500.0,cf (cubic feet),2703.0
2629916,4717298,Natural Gas,2014-12-10 00:00:00,382900.0,cf (cubic feet),4036.0
2629916,4717298,Natural Gas,2015-01-09 00:00:00,518800.0,cf (cubic feet),5262.0
2629916,4717298,Natural Gas,2015-02-09 00:00:00,567800.0,cf (cubic feet),5643.0
2629916,4717298,Natural Gas,2015-03-11 00:00:00,604700.0,cf (cubic feet),5722.0
2629916,4717298,Natural Gas,2015-04-09 00:00:00,208300.0,cf (cubic feet),2033.0
2629916,4717298,Natural Gas,2015-05-08 00:00:00,188400.0,cf (cubic feet),1869.0
2629916,4717298,Natural Gas,2015-06-08 00:00:00,59800.0,cf (cubic feet),640.0
2629916,4717298,Natural Gas,2015-07-08 00:00:00,6100.0,cf (cubic feet),85.0
2629916,3980032,District Steam,2003-01-31 00:00:00,292.0,kLbs. (thousand pounds),8076.0
2629916,3980032,District Steam,2003-02-28 00:00:00,688.0,kLbs. (thousand pounds),8633.0
2629916,3980032,District Steam,2003-03-31 00:00:00,764.0,kLbs. (thousand pounds),9589.0
2629916,3980032,District Steam,2003-04-30 00:00:00,878.0,kLbs. (thousand pounds),17744.0
2629916,3980032,District Steam,2003-05-31 00:00:00,878.0,kLbs. (thousand pounds),11328.0
2629916,3980032,District Steam,2003-06-30 00:00:00,509.0,kLbs. (thousand pounds),6093.0
2629916,3980032,District Steam,2003-07-31 00:00:00,348.0,kLbs. (thousand pounds),3588.0
2629916,3980032,District Steam,2003-08-31 00:00:00,233.0,kLbs. (thousand pounds),3706.0
2629916,3980032,District Steam,2003-09-30 00:00:00,179.0,kLbs. (thousand pounds),2371.0
2629916,3980032,District Steam,2003-10-31 00:00:00,184.0,kLbs. (thousand pounds),1824.0
2629916,3980032,District Steam,2003-11-30 00:00:00,137.0,kLbs. (thousand pounds),1700.0
2629916,3980032,District Steam,2003-12-31 00:00:00,105.0,kLbs. (thousand pounds),1936.0
2629916,3980032,District Steam,2004-01-31 00:00:00,267.0,kLbs. (thousand pounds),4767.0
2629916,3980032,District Steam,2004-02-29 00:00:00,256.0,kLbs. (thousand pounds),2457.0
2629916,3980032,District Steam,2004-03-31 00:00:00,746.0,kLbs. (thousand pounds),8497.0
2629916,3980032,District Steam,2004-04-30 00:00:00,531.0,kLbs. (thousand pounds),6711.0
2629916,3980032,District Steam,2004-05-31 00:00:00,570.0,kLbs. (thousand pounds),6416.0
2629916,3980032,District Steam,2004-06-30 00:00:00,204.0,kLbs. (thousand pounds),2727.0
2629916,3980032,District Steam,2004-07-31 00:00:00,172.0,kLbs. (thousand pounds),2297.0
2629916,3980032,District Steam,2004-08-31 00:00:00,51.0,kLbs. (thousand pounds),1438.0
2629916,3980032,District Steam,2004-09-30 00:00:00,610.0,kLbs. (thousand pounds),8346.0
2629916,3980032,District Steam,2004-10-31 00:00:00,722.0,kLbs. (thousand pounds),12916.0
2629916,3980032,District Steam,2004-11-30 00:00:00,520.0,kLbs. (thousand pounds),10279.0
2629916,3980032,District Steam,2004-12-31 00:00:00,267.0,kLbs. (thousand pounds),4767.0
2629916,3980032,District Steam,2005-01-31 00:00:00,267.0,kLbs. (thousand pounds),4767.0
2629916,3980032,District Steam,2005-02-28 00:00:00,0.0,kLbs. (thousand pounds),0.0
2629916,3980032,District Steam,2005-03-31 00:00:00,0.0,kLbs. (thousand pounds),0.0
2629916,3980032,District Steam,2005-04-30 00:00:00,0.0,kLbs. (thousand pounds),0.0
2629916,3980032,District Steam,2005-05-31 00:00:00,0.0,kLbs. (thousand pounds),0.0
2629916,3980032,District Steam,2005-06-30 00:00:00,0.0,kLbs. (thousand pounds),0.0
2629916,3980032,District Steam,2005-07-31 00:00:00,0.0,kLbs. (thousand pounds),0.0
2629916,3980032,District Steam,2005-08-31 00:00:00,0.0,kLbs. (thousand pounds),0.0
2629916,3980032,District Steam,2005-09-30 00:00:00,0.0,kLbs. (thousand pounds),0.0
2629916,3980032,District Steam,2005-10-31 00:00:00,0.0,kLbs. (thousand pounds),0.0
2629916,3980032,District Steam,2005-11-30 00:00:00,0.0,kLbs. (thousand pounds),0.0
2629916,3980032,District Steam,2005-12-31 00:00:00,0.0,kLbs. (thousand pounds),0.0
2629916,3980032,District Steam,2006-01-31 00:00:00,0.0,kLbs. (thousand pounds),0.0
2629916,3980032,District Steam,2006-02-28 00:00:00,0.0,kLbs. (thousand pounds),0.0
2629916,3980032,District Steam,2006-03-31 00:00:00,368.0,kLbs. (thousand pounds),5515.0
2629916,3980032,District Steam,2006-04-30 00:00:00,360.0,kLbs. (thousand pounds),5579.0
2629916,3980032,District Steam,2006-05-31 00:00:00,320.0,kLbs. (thousand pounds),5171.0
2629916,3980032,District Steam,2006-06-30 00:00:00,228.0,kLbs. (thousand pounds),3095.0
2629916,3980032,District Steam,2006-07-31 00:00:00,93.0,kLbs. (thousand pounds),793.0
2629916,3980032,District Steam,2006-08-31 00:00:00,60.0,kLbs. (thousand pounds),1476.0
2629916,3980032,District Steam,2006-09-30 00:00:00,0.0,kLbs. (thousand pounds),135.0
2629916,3980032,District Steam,2006-10-31 00:00:00,0.0,kLbs. (thousand pounds),0.0
2629916,3980032,District Steam,2006-11-30 00:00:00,0.0,kLbs. (thousand pounds),0.0
2629916,3980032,District Steam,2006-12-31 00:00:00,18.0,kLbs. (thousand pounds),233.0
2629916,3980032,District Steam,2007-01-31 00:00:00,22.0,kLbs. (thousand pounds),310.0
2629916,3980032,District Steam,2007-02-28 00:00:00,139.0,kLbs. (thousand pounds),2177.0
2629916,3980032,District Steam,2007-03-31 00:00:00,396.0,kLbs. (thousand pounds),5884.0
2629916,3980032,District Steam,2007-04-30 00:00:00,416.0,kLbs. (thousand pounds),6076.0
2629916,3980032,District Steam,2007-05-31 00:00:00,559.0,kLbs. (thousand pounds),8889.0
2629916,3980032,District Steam,2007-06-30 00:00:00,227.0,kLbs. (thousand pounds),3778.0
2629916,3980032,District Steam,2007-07-31 00:00:00,228.0,kLbs. (thousand pounds),2780.0
2629916,3980032,District Steam,2007-08-31 00:00:00,0.0,kLbs. (thousand pounds),93.0
2629916,3980032,District Steam,2007-09-30 00:00:00,0.0,kLbs. (thousand pounds),480.0
2629916,3980032,District Steam,2007-10-31 00:00:00,0.0,kLbs. (thousand pounds),480.0
2629916,3980032,District Steam,2007-11-30 00:00:00,0.0,kLbs. (thousand pounds),0.0
2629916,3980032,District Steam,2007-12-31 00:00:00,0.0,kLbs. (thousand pounds),0.0
2629916,3980032,District Steam,2008-01-31 00:00:00,22.0,kLbs. (thousand pounds),310.0
2629916,3980032,District Steam,2008-02-29 00:00:00,251.0,kLbs. (thousand pounds),3917.0
2629916,3980032,District Steam,2008-03-31 00:00:00,319.0,kLbs. (thousand pounds),4900.0
2629916,3980032,District Steam,2008-04-30 00:00:00,426.0,kLbs. (thousand pounds),5867.0
2629916,3980032,District Steam,2008-05-31 00:00:00,350.0,kLbs. (thousand pounds),5574.0
2629916,3980032,District Steam,2008-06-30 00:00:00,147.0,kLbs. (thousand pounds),3694.0
2629916,3980032,District Steam,2008-07-31 00:00:00,274.0,kLbs. (thousand pounds),4679.0
2629916,3980032,District Steam,2008-08-31 00:00:00,99.0,kLbs. (thousand pounds),2394.0
2629916,3980032,District Steam,2008-09-30 00:00:00,6.0,kLbs. (thousand pounds),170.0
2629916,3980032,District Steam,2008-10-31 00:00:00,17.0,kLbs. (thousand pounds),682.0
2629916,3980032,District Steam,2008-11-30 00:00:00,0.0,kLbs. (thousand pounds),0.0
2629916,3980032,District Steam,2008-12-31 00:00:00,0.0,kLbs. (thousand pounds),0.0
2629916,3980032,District Steam,2009-01-31 00:00:00,153.0,kLbs. (thousand pounds),2552.0
2629916,3980032,District Steam,2009-02-28 00:00:00,236.0,kLbs. (thousand pounds),4081.0
2629916,3980032,District Steam,2009-03-31 00:00:00,730.0,kLbs. (thousand pounds),12566.0
2629916,3980032,District Steam,2009-04-30 00:00:00,527.0,kLbs. (thousand pounds),9618.0
2629916,3980032,District Steam,2009-05-31 00:00:00,273.0,kLbs. (thousand pounds),5119.0
2629916,3980032,District Steam,2009-06-30 00:00:00,192.0,kLbs. (thousand pounds),3055.0
2629916,3980032,District Steam,2009-07-31 00:00:00,11.0,kLbs. (thousand pounds),1922.0
2629916,3980032,District Steam,2009-08-31 00:00:00,8.0,kLbs. (thousand pounds),332.0
2629916,3980032,District Steam,2009-09-30 00:00:00,11.0,kLbs. (thousand pounds),332.0
2629916,3980032,District Steam,2009-10-31 00:00:00,25.0,kLbs. (thousand pounds),530.0
2629916,3980032,District Steam,2009-11-30 00:00:00,13.0,kLbs. (thousand pounds),379.0
2629916,3980032,District Steam,2009-12-31 00:00:00,14.0,kLbs. (thousand pounds),310.0
2629916,3980032,District Steam,2010-01-31 00:00:00,16.0,kLbs. (thousand pounds),380.0
2629916,3980032,District Steam,2010-02-28 00:00:00,12.0,kLbs. (thousand pounds),169.0
2629916,3980032,District Steam,2010-03-31 00:00:00,426.0,kLbs. (thousand pounds),10417.0
2629916,3980032,District Steam,2010-04-30 00:00:00,183.0,kLbs. (thousand pounds),4392.0
2629916,3980032,District Steam,2010-05-31 00:00:00,133.0,kLbs. (thousand pounds),5158.0
2629916,3980032,District Steam,2010-06-30 00:00:00,151.0,kLbs. (thousand pounds),3435.0
2629916,3980032,District Steam,2010-07-31 00:00:00,230.0,kLbs. (thousand pounds),5047.0
2629916,3980032,District Steam,2010-08-31 00:00:00,64.0,kLbs. (thousand pounds),1098.0
2629916,3980032,District Steam,2010-09-30 00:00:00,14.0,kLbs. (thousand pounds),310.0
2629916,3980032,District Steam,2010-10-31 00:00:00,230.0,kLbs. (thousand pounds),5047.0
2629916,3980032,District Steam,2010-11-30 00:00:00,64.0,kLbs. (thousand pounds),1098.0
2629916,3980032,District Steam,2010-12-31 00:00:00,14.0,kLbs. (thousand pounds),310.0
2629916,3980032,District Steam,2011-01-31 00:00:00,306.0,kLbs. (thousand pounds),4581.0
2629916,3980032,District Steam,2011-02-28 00:00:00,0.0,kLbs. (thousand pounds),7924.0
2629916,3980032,District Steam,2011-03-31 00:00:00,379.0,kLbs. (thousand pounds),6792.0
2629916,3980032,District Steam,2011-04-30 00:00:00,196.0,kLbs. (thousand pounds),2754.0
2629916,4717299,Electric - Grid,2002-10-31 00:00:00,171200.0,kWh (thousand Watt-hours),11776.0
2629916,4717299,Electric - Grid,2002-11-30 00:00:00,186400.0,kWh (thousand Watt-hours),12228.0
2629916,4717299,Electric - Grid,2002-12-31 00:00:00,172800.0,kWh (thousand Watt-hours),11847.0
2629916,4717299,Electric - Grid,2003-01-31 00:00:00,177600.0,kWh (thousand Watt-hours),12068.0
2629916,4717299,Electric - Grid,2003-02-28 00:00:00,191200.0,kWh (thousand Watt-hours),12669.0
2629916,4717299,Electric - Grid,2003-03-31 00:00:00,182400.0,kWh (thousand Watt-hours),12280.0
2629916,4717299,Electric - Grid,2003-04-30 00:00:00,200800.0,kWh (thousand Watt-hours),13162.0
2629916,4717299,Electric - Grid,2003-05-31 00:00:00,197600.0,kWh (thousand Watt-hours),13599.0
2629916,4717299,Electric - Grid,2003-06-30 00:00:00,200000.0,kWh (thousand Watt-hours),14045.0
2629916,4717299,Electric - Grid,2003-07-31 00:00:00,242400.0,kWh (thousand Watt-hours),16099.0
2629916,4717299,Electric - Grid,2003-08-31 00:00:00,215200.0,kWh (thousand Watt-hours),14866.0
2629916,4717299,Electric - Grid,2003-09-30 00:00:00,126400.0,kWh (thousand Watt-hours),13044.0
2629916,4717299,Electric - Grid,2003-10-31 00:00:00,154400.0,kWh (thousand Watt-hours),11551.0
2629916,4717299,Electric - Grid,2003-11-30 00:00:00,143200.0,kWh (thousand Watt-hours),10676.0
2629916,4717299,Electric - Grid,2003-12-31 00:00:00,138400.0,kWh (thousand Watt-hours),10456.0
2629916,4717299,Electric - Grid,2004-01-31 00:00:00,113600.0,kWh (thousand Watt-hours),9325.0
2629916,4717299,Electric - Grid,2004-02-29 00:00:00,114400.0,kWh (thousand Watt-hours),9361.0
2629916,4717299,Electric - Grid,2004-03-31 00:00:00,118400.0,kWh (thousand Watt-hours),9544.0
2629916,4717299,Electric - Grid,2004-04-30 00:00:00,113600.0,kWh (thousand Watt-hours),9333.0
2629916,4717299,Electric - Grid,2004-05-31 00:00:00,127200.0,kWh (thousand Watt-hours),10296.0
2629916,4717299,Electric - Grid,2004-06-30 00:00:00,140750.0,kWh (thousand Watt-hours),10528.0
2629916,4717299,Electric - Grid,2004-07-31 00:00:00,139032.0,kWh (thousand Watt-hours),10605.0
2629916,4717299,Electric - Grid,2004-08-31 00:00:00,151995.0,kWh (thousand Watt-hours),10899.0
2629916,4717299,Electric - Grid,2004-09-30 00:00:00,136999.0,kWh (thousand Watt-hours),9758.0
2629916,4717299,Electric - Grid,2004-10-31 00:00:00,116927.0,kWh (thousand Watt-hours),8866.0
2629916,4717299,Electric - Grid,2004-11-30 00:00:00,123024.0,kWh (thousand Watt-hours),9136.0
2629916,4717299,Electric - Grid,2004-12-31 00:00:00,111097.0,kWh (thousand Watt-hours),8698.0
2629916,4717299,Electric - Grid,2005-01-31 00:00:00,94312.0,kWh (thousand Watt-hours),7836.0
2629916,4717299,Electric - Grid,2005-02-28 00:00:00,91417.0,kWh (thousand Watt-hours),7652.0
2629916,4717299,Electric - Grid,2005-03-31 00:00:00,101959.0,kWh (thousand Watt-hours),8523.0
2629916,4717299,Electric - Grid,2005-04-30 00:00:00,100714.0,kWh (thousand Watt-hours),8461.0
2629916,4717299,Electric - Grid,2005-05-31 00:00:00,99736.0,kWh (thousand Watt-hours),8635.0
2629916,4717299,Electric - Grid,2005-06-30 00:00:00,117065.0,kWh (thousand Watt-hours),9542.0
2629916,4717299,Electric - Grid,2005-07-31 00:00:00,126583.0,kWh (thousand Watt-hours),10321.0
2629916,4717299,Electric - Grid,2005-08-31 00:00:00,148952.0,kWh (thousand Watt-hours),11485.0
2629916,4717299,Electric - Grid,2005-09-30 00:00:00,125774.0,kWh (thousand Watt-hours),9613.0
2629916,4717299,Electric - Grid,2005-10-31 00:00:00,93859.0,kWh (thousand Watt-hours),8094.0
2629916,4717299,Electric - Grid,2005-11-30 00:00:00,97884.0,kWh (thousand Watt-hours),8288.0
2629916,4717299,Electric - Grid,2005-12-31 00:00:00,99737.0,kWh (thousand Watt-hours),9107.0
2629916,4717299,Electric - Grid,2006-01-31 00:00:00,95408.0,kWh (thousand Watt-hours),8801.0
2629916,4717299,Electric - Grid,2006-02-28 00:00:00,94797.0,kWh (thousand Watt-hours),8757.0
2629916,4717299,Electric - Grid,2006-03-31 00:00:00,97183.0,kWh (thousand Watt-hours),8961.0
2629916,4717299,Electric - Grid,2006-04-30 00:00:00,127473.0,kWh (thousand Watt-hours),10977.0
2629916,4717299,Electric - Grid,2006-05-31 00:00:00,126993.0,kWh (thousand Watt-hours),11112.0
2629916,4717299,Electric - Grid,2006-06-30 00:00:00,133732.0,kWh (thousand Watt-hours),11457.0
2629916,4717299,Electric - Grid,2006-07-31 00:00:00,149290.0,kWh (thousand Watt-hours),12538.0
2629916,4717299,Electric - Grid,2006-08-31 00:00:00,143702.0,kWh (thousand Watt-hours),12277.0
2629916,4717299,Electric - Grid,2006-09-30 00:00:00,127526.0,kWh (thousand Watt-hours),10369.0
2629916,4717299,Electric - Grid,2006-10-31 00:00:00,97656.0,kWh (thousand Watt-hours),8922.0
2629916,4717299,Electric - Grid,2006-11-30 00:00:00,97708.0,kWh (thousand Watt-hours),8925.0
2629916,4717299,Electric - Grid,2006-12-31 00:00:00,109056.0,kWh (thousand Watt-hours),10167.0
2629916,4717299,Electric - Grid,2007-01-31 00:00:00,90897.0,kWh (thousand Watt-hours),8846.0
2629916,4717299,Electric - Grid,2007-02-28 00:00:00,98468.0,kWh (thousand Watt-hours),9523.0
2629916,4717299,Electric - Grid,2007-03-31 00:00:00,116351.0,kWh (thousand Watt-hours),10606.0
2629916,4717299,Electric - Grid,2007-04-30 00:00:00,106682.0,kWh (thousand Watt-hours),10014.0
2629916,4717299,Electric - Grid,2007-05-31 00:00:00,110511.0,kWh (thousand Watt-hours),11113.0
2629916,4717299,Electric - Grid,2007-06-30 00:00:00,135668.0,kWh (thousand Watt-hours),13173.0
2629916,4717299,Electric - Grid,2007-07-31 00:00:00,135038.0,kWh (thousand Watt-hours),13164.0
2629916,4717299,Electric - Grid,2007-08-31 00:00:00,157195.0,kWh (thousand Watt-hours),14884.0
2629916,4717299,Electric - Grid,2007-09-30 00:00:00,153871.0,kWh (thousand Watt-hours),13578.0
2629916,4717299,Electric - Grid,2007-10-31 00:00:00,100172.0,kWh (thousand Watt-hours),10252.0
2629916,4717299,Electric - Grid,2007-11-30 00:00:00,107238.0,kWh (thousand Watt-hours),10721.0
2629916,4717299,Electric - Grid,2007-12-31 00:00:00,91839.0,kWh (thousand Watt-hours),10129.0
2629916,4717299,Electric - Grid,2008-01-31 00:00:00,97781.0,kWh (thousand Watt-hours),10688.0
2629916,4717299,Electric - Grid,2008-02-29 00:00:00,98174.0,kWh (thousand Watt-hours),10724.0
2629916,4717299,Electric - Grid,2008-03-31 00:00:00,115098.0,kWh (thousand Watt-hours),11979.0
2629916,4717299,Electric - Grid,2008-04-30 00:00:00,105848.0,kWh (thousand Watt-hours),11310.0
2629916,4717299,Electric - Grid,2008-05-31 00:00:00,138566.0,kWh (thousand Watt-hours),15338.0
2629916,4717299,Electric - Grid,2008-06-30 00:00:00,156740.0,kWh (thousand Watt-hours),16097.0
2629916,4717299,Electric - Grid,2008-07-31 00:00:00,186214.0,kWh (thousand Watt-hours),18623.0
2629916,4717299,Electric - Grid,2008-08-31 00:00:00,184289.0,kWh (thousand Watt-hours),18373.0
2629916,4717299,Electric - Grid,2008-09-30 00:00:00,168496.0,kWh (thousand Watt-hours),16053.0
2629916,4717299,Electric - Grid,2008-10-31 00:00:00,139860.0,kWh (thousand Watt-hours),15375.0
2629916,4717299,Electric - Grid,2008-11-30 00:00:00,140883.0,kWh (thousand Watt-hours),15440.0
2629916,4717299,Electric - Grid,2008-12-31 00:00:00,156517.0,kWh (thousand Watt-hours),17081.0
2629916,4717299,Electric - Grid,2009-01-31 00:00:00,152198.0,kWh (thousand Watt-hours),16351.0
2629916,4717299,Electric - Grid,2009-02-28 00:00:00,135873.0,kWh (thousand Watt-hours),15036.0
2629916,4717299,Electric - Grid,2009-03-31 00:00:00,139137.0,kWh (thousand Watt-hours),15541.0
2629916,4717299,Electric - Grid,2009-04-30 00:00:00,152368.0,kWh (thousand Watt-hours),16405.0
2629916,4717299,Electric - Grid,2009-05-31 00:00:00,180089.0,kWh (thousand Watt-hours),19888.0
2629916,4717299,Electric - Grid,2009-06-30 00:00:00,195583.0,kWh (thousand Watt-hours),20953.0
2629916,4717299,Electric - Grid,2009-07-31 00:00:00,210321.0,kWh (thousand Watt-hours),22107.0
2629916,4717299,Electric - Grid,2009-08-31 00:00:00,230794.0,kWh (thousand Watt-hours),24087.0
2629916,4717299,Electric - Grid,2009-09-30 00:00:00,200390.0,kWh (thousand Watt-hours),20075.0
2629916,4717299,Electric - Grid,2009-10-31 00:00:00,159688.0,kWh (thousand Watt-hours),16921.0
2629916,4717299,Electric - Grid,2009-11-30 00:00:00,153521.0,kWh (thousand Watt-hours),16441.0
2629916,4717299,Electric - Grid,2009-12-31 00:00:00,140828.0,kWh (thousand Watt-hours),14919.0
2629916,4717299,Electric - Grid,2010-01-31 00:00:00,155811.0,kWh (thousand Watt-hours),16018.0
2629916,4717299,Electric - Grid,2010-02-28 00:00:00,153668.0,kWh (thousand Watt-hours),15860.0
2629916,4717299,Electric - Grid,2010-03-31 00:00:00,138475.0,kWh (thousand Watt-hours),14572.0
2629916,4717299,Electric - Grid,2010-04-30 00:00:00,152444.0,kWh (thousand Watt-hours),15560.0
2629916,4717299,Electric - Grid,2010-05-31 00:00:00,163440.0,kWh (thousand Watt-hours),16867.0
2629916,4717299,Electric - Grid,2010-06-30 00:00:00,236706.0,kWh (thousand Watt-hours),22560.0
2629916,4717299,Electric - Grid,2010-07-31 00:00:00,187407.0,kWh (thousand Watt-hours),18910.0
2629916,4717299,Electric - Grid,2010-08-31 00:00:00,186999.0,kWh (thousand Watt-hours),18888.0
2629916,4717299,Electric - Grid,2010-09-21 00:00:00,157983.0,kWh (thousand Watt-hours),16189.0
2629916,4717299,Electric - Grid,2010-10-22 00:00:00,142281.0,kWh (thousand Watt-hours),14857.0
2629916,4717299,Electric - Grid,2010-11-22 00:00:00,148658.0,kWh (thousand Watt-hours),15072.0
2629916,4717299,Electric - Grid,2010-12-23 00:00:00,132046.0,kWh (thousand Watt-hours),13864.0
2629916,4717299,Electric - Grid,2011-01-23 00:00:00,136961.0,kWh (thousand Watt-hours),14206.0
2629916,4717299,Electric - Grid,2011-02-23 00:00:00,130644.0,kWh (thousand Watt-hours),13747.0
2629916,4717299,Electric - Grid,2011-03-26 00:00:00,136629.0,kWh (thousand Watt-hours),14537.0
2629916,4717299,Electric - Grid,2011-04-26 00:00:00,134640.0,kWh (thousand Watt-hours),14402.0
2629916,4717299,Electric - Grid,2011-05-27 00:00:00,148779.0,kWh (thousand Watt-hours),16112.0
2629916,4717299,Electric - Grid,2011-06-27 00:00:00,171716.0,kWh (thousand Watt-hours),18005.0
2629916,4717299,Electric - Grid,2011-07-28 00:00:00,187178.0,kWh (thousand Watt-hours),19451.0
2629916,4717299,Electric - Grid,2011-08-28 00:00:00,167392.0,kWh (thousand Watt-hours),17439.0
2629916,4717299,Electric - Grid,2011-09-28 00:00:00,134651.0,kWh (thousand Watt-hours),14830.0
2629916,4717299,Electric - Grid,2011-10-29 00:00:00,105969.0,kWh (thousand Watt-hours),12349.0
2629916,4717299,Electric - Grid,2011-11-29 00:00:00,102474.0,kWh (thousand Watt-hours),12015.0
2629916,4717299,Electric - Grid,2011-12-30 00:00:00,86778.0,kWh (thousand Watt-hours),10516.0
2629916,4717299,Electric - Grid,2012-01-31 00:00:00,99444.0,kWh (thousand Watt-hours),11726.0
2629916,4717299,Electric - Grid,2012-02-29 00:00:00,90216.0,kWh (thousand Watt-hours),10844.0
2629916,4717299,Electric - Grid,2012-03-29 00:00:00,76267.0,kWh (thousand Watt-hours),8992.0
2629916,4717299,Electric - Grid,2012-04-30 00:00:00,80992.0,kWh (thousand Watt-hours),9963.0
2629916,4717299,Electric - Grid,2012-05-30 00:00:00,73787.0,kWh (thousand Watt-hours),9538.0
2629916,4717299,Electric - Grid,2012-06-29 00:00:00,67576.0,kWh (thousand Watt-hours),8922.0
2629916,4717299,Electric - Grid,2012-07-20 00:00:00,39623.0,kWh (thousand Watt-hours),5332.0
2629916,4717299,Electric - Grid,2012-08-30 00:00:00,40160.0,kWh (thousand Watt-hours),4538.0
2629916,4717299,Electric - Grid,2012-09-30 00:00:00,134651.0,kWh (thousand Watt-hours),14830.0
2629916,4717299,Electric - Grid,2012-10-31 00:00:00,105969.0,kWh (thousand Watt-hours),12349.0
2629916,4717299,Electric - Grid,2012-11-29 00:00:00,93040.0,kWh (thousand Watt-hours),10662.0
2629916,4717299,Electric - Grid,2013-01-01 00:00:00,109200.0,kWh (thousand Watt-hours),12026.0
2629916,4717299,Electric - Grid,2013-01-30 00:00:00,91200.0,kWh (thousand Watt-hours),10460.0
2629916,4717299,Electric - Grid,2013-02-28 00:00:00,106800.0,kWh (thousand Watt-hours),11994.0
2629916,4717299,Electric - Grid,2013-04-01 00:00:00,129120.0,kWh (thousand Watt-hours),13968.0
2629916,4717299,Electric - Grid,2013-05-01 00:00:00,122240.0,kWh (thousand Watt-hours),13476.0
2629916,4717299,Electric - Grid,2013-05-31 00:00:00,150800.0,kWh (thousand Watt-hours),17237.0
2629916,4717299,Electric - Grid,2013-06-30 00:00:00,181760.0,kWh (thousand Watt-hours),20420.0
2629916,4717299,Electric - Grid,2013-07-31 00:00:00,202240.0,kWh (thousand Watt-hours),23741.0
2629916,4717299,Electric - Grid,2013-08-29 00:00:00,249200.0,kWh (thousand Watt-hours),27991.0
2629916,4717299,Electric - Grid,2013-09-29 00:00:00,217920.0,kWh (thousand Watt-hours),23939.0
2629916,4717299,Electric - Grid,2013-10-31 00:00:00,165360.0,kWh (thousand Watt-hours),19607.0
2629916,4717299,Electric - Grid,2013-11-30 00:00:00,131920.0,kWh (thousand Watt-hours),17169.0
2629916,4717299,Electric - Grid,2013-12-31 00:00:00,143200.0,kWh (thousand Watt-hours),16762.0
2629916,4717299,Electric - Grid,2014-01-31 00:00:00,127600.0,kWh (thousand Watt-hours),16047.0
2629916,4717299,Electric - Grid,2014-03-03 00:00:00,137280.0,kWh (thousand Watt-hours),17045.0
2629916,4717299,Electric - Grid,2014-03-31 00:00:00,134800.0,kWh (thousand Watt-hours),16689.0
2629916,4717299,Electric - Grid,2014-04-30 00:00:00,150000.0,kWh (thousand Watt-hours),18246.0
2629916,4717299,Electric - Grid,2014-06-02 00:00:00,169520.0,kWh (thousand Watt-hours),20539.0
2629916,4717299,Electric - Grid,2014-07-11 00:00:00,180840.0,kWh (thousand Watt-hours),21086.0
2629916,4717299,Electric - Grid,2014-08-11 00:00:00,183440.0,kWh (thousand Watt-hours),21785.0
2629916,4717299,Electric - Grid,2014-09-14 00:00:00,201040.0,kWh (thousand Watt-hours),22388.0
2629916,4717299,Electric - Grid,2014-09-30 00:00:00,167680.0,kWh (thousand Watt-hours),18620.0
2629916,4717299,Electric - Grid,2014-10-30 00:00:00,152320.0,kWh (thousand Watt-hours),17382.0
2629916,4717299,Electric - Grid,2014-12-01 00:00:00,131280.0,kWh (thousand Watt-hours),15962.0
2629916,4717299,Electric - Grid,2015-01-01 00:00:00,122640.0,kWh (thousand Watt-hours),15719.0
2629916,4717299,Electric - Grid,2015-02-01 00:00:00,125280.0,kWh (thousand Watt-hours),16034.0
2629916,4717299,Electric - Grid,2015-03-02 00:00:00,118480.0,kWh (thousand Watt-hours),15321.0
2629916,4717299,Electric - Grid,2015-03-31 00:00:00,130080.0,kWh (thousand Watt-hours),16485.0
2629916,4717299,Electric - Grid,2015-04-30 00:00:00,152160.0,kWh (thousand Watt-hours),18493.0
2629916,4717299,Electric - Grid,2015-06-01 00:00:00,183440.0,kWh (thousand Watt-hours),22529.0
2629916,4717299,Electric - Grid,2015-06-30 00:00:00,192720.0,kWh (thousand Watt-hours),23067.0
2629916,5878548,Potable: Mixed Indoor/Outdoor,2002-10-31 00:00:00,0.0,Gallons,0.0
2629916,5878548,Potable: Mixed Indoor/Outdoor,2002-11-30 00:00:00,0.0,Gallons,0.0
2629916,5878548,Potable: Mixed Indoor/Outdoor,2002-12-31 00:00:00,0.0,Gallons,0.0
2629916,5878548,Potable: Mixed Indoor/Outdoor,2003-01-31 00:00:00,0.0,Gallons,0.0
2629916,5878548,Potable: Mixed Indoor/Outdoor,2003-02-28 00:00:00,0.0,Gallons,0.0
2629916,5878548,Potable: Mixed Indoor/Outdoor,2003-03-31 00:00:00,0.0,Gallons,0.0
2629916,5878548,Potable: Mixed Indoor/Outdoor,2003-04-30 00:00:00,0.0,Gallons,0.0
2629916,5878548,Potable: Mixed Indoor/Outdoor,2003-05-31 00:00:00,0.0,Gallons,0.0
2629916,5878548,Potable: Mixed Indoor/Outdoor,2003-06-30 00:00:00,0.0,Gallons,0.0
2629916,5878548,Potable: Mixed Indoor/Outdoor,2003-07-31 00:00:00,0.0,Gallons,0.0
2629916,5878548,Potable: Mixed Indoor/Outdoor,2003-08-31 00:00:00,0.0,Gallons,0.0
2629916,5878548,Potable: Mixed Indoor/Outdoor,2003-09-30 00:00:00,0.0,Gallons,0.0
2629916,5878548,Potable: Mixed Indoor/Outdoor,2003-10-31 00:00:00,0.0,Gallons,0.0
2629916,5878548,Potable: Mixed Indoor/Outdoor,2003-11-30 00:00:00,0.0,Gallons,0.0
2629916,5878548,Potable: Mixed Indoor/Outdoor,2003-12-31 00:00:00,0.0,Gallons,0.0
2629916,5878548,Potable: Mixed Indoor/Outdoor,2004-01-31 00:00:00,0.0,Gallons,0.0
2629916,5878548,Potable: Mixed Indoor/Outdoor,2004-02-29 00:00:00,0.0,Gallons,0.0
2629916,5878548,Potable: Mixed Indoor/Outdoor,2004-03-31 00:00:00,0.0,Gallons,0.0
2629916,5878548,Potable: Mixed Indoor/Outdoor,2004-04-30 00:00:00,0.0,Gallons,0.0
2629916,5878548,Potable: Mixed Indoor/Outdoor,2004-05-31 00:00:00,0.0,Gallons,0.0
2629916,5878548,Potable: Mixed Indoor/Outdoor,2004-06-30 00:00:00,0.0,Gallons,0.0
2629916,5878548,Potable: Mixed Indoor/Outdoor,2004-07-31 00:00:00,0.0,Gallons,0.0
2629916,5878548,Potable: Mixed Indoor/Outdoor,2004-08-31 00:00:00,0.0,Gallons,0.0
2629916,5878548,Potable: Mixed Indoor/Outdoor,2004-09-30 00:00:00,0.0,Gallons,0.0
2629916,5878548,Potable: Mixed Indoor/Outdoor,2004-10-31 00:00:00,0.0,Gallons,0.0
2629916,5878548,Potable: Mixed Indoor/Outdoor,2004-11-30 00:00:00,0.0,Gallons,0.0
2629916,5878548,Potable: Mixed Indoor/Outdoor,2004-12-31 00:00:00,0.0,Gallons,0.0
2629916,5878548,Potable: Mixed Indoor/Outdoor,2005-01-31 00:00:00,0.0,Gallons,0.0
2629916,5878548,Potable: Mixed Indoor/Outdoor,2005-02-28 00:00:00,0.0,Gallons,0.0
2629916,5878548,Potable: Mixed Indoor/Outdoor,2005-03-31 00:00:00,0.0,Gallons,0.0
2629916,5878548,Potable: Mixed Indoor/Outdoor,2005-04-30 00:00:00,0.0,Gallons,0.0
2629916,5878548,Potable: Mixed Indoor/Outdoor,2005-05-31 00:00:00,0.0,Gallons,0.0
2629916,5878548,Potable: Mixed Indoor/Outdoor,2005-06-30 00:00:00,0.0,Gallons,0.0
2629916,5878548,Potable: Mixed Indoor/Outdoor,2005-07-31 00:00:00,0.0,Gallons,0.0
2629916,5878548,Potable: Mixed Indoor/Outdoor,2005-08-31 00:00:00,0.0,Gallons,0.0
2629916,5878548,Potable: Mixed Indoor/Outdoor,2005-09-30 00:00:00,0.0,Gallons,0.0
2629916,5878548,Potable: Mixed Indoor/Outdoor,2005-10-31 00:00:00,0.0,Gallons,0.0
2629916,5878548,Potable: Mixed Indoor/Outdoor,2005-11-30 00:00:00,0.0,Gallons,0.0
2629916,5878548,Potable: Mixed Indoor/Outdoor,2005-12-31 00:00:00,0.0,Gallons,0.0
2629916,5878548,Potable: Mixed Indoor/Outdoor,2006-01-31 00:00:00,0.0,Gallons,0.0
2629916,5878548,Potable: Mixed Indoor/Outdoor,2006-02-28 00:00:00,0.0,Gallons,0.0
2629916,5878548,Potable: Mixed Indoor/Outdoor,2006-03-31 00:00:00,0.0,Gallons,0.0
2629916,5878548,Potable: Mixed Indoor/Outdoor,2006-04-30 00:00:00,0.0,Gallons,0.0
2629916,5878548,Potable: Mixed Indoor/Outdoor,2006-05-31 00:00:00,0.0,Gallons,0.0
2629916,5878548,Potable: Mixed Indoor/Outdoor,2006-06-30 00:00:00,0.0,Gallons,0.0
2629916,5878548,Potable: Mixed Indoor/Outdoor,2006-07-31 00:00:00,0.0,Gallons,0.0
2629916,5878548,Potable: Mixed Indoor/Outdoor,2006-08-31 00:00:00,0.0,Gallons,0.0
2629916,5878548,Potable: Mixed Indoor/Outdoor,2006-09-30 00:00:00,0.0,Gallons,0.0
2629916,5878548,Potable: Mixed Indoor/Outdoor,2006-10-31 00:00:00,160820.0,Gallons,1912.0
2629916,5878548,Potable: Mixed Indoor/Outdoor,2006-11-30 00:00:00,148852.0,Gallons,1775.0
2629916,5878548,Potable: Mixed Indoor/Outdoor,2006-12-31 00:00:00,59092.0,Gallons,844.0
2629916,5878548,Potable: Mixed Indoor/Outdoor,2007-01-31 00:00:00,198968.0,Gallons,2520.0
2629916,5878548,Potable: Mixed Indoor/Outdoor,2007-02-28 00:00:00,172788.0,Gallons,2200.0
2629916,5878548,Potable: Mixed Indoor/Outdoor,2007-03-31 00:00:00,167552.0,Gallons,2136.0
2629916,5878548,Potable: Mixed Indoor/Outdoor,2007-04-30 00:00:00,189244.0,Gallons,2401.0
2629916,5878548,Potable: Mixed Indoor/Outdoor,2007-05-31 00:00:00,264827.0,Gallons,3325.0
2629916,5878548,Potable: Mixed Indoor/Outdoor,2007-06-30 00:00:00,242352.0,Gallons,3051.0
2629916,5878548,Potable: Mixed Indoor/Outdoor,2007-07-31 00:00:00,228140.0,Gallons,2950.0
2629916,5878548,Potable: Mixed Indoor/Outdoor,2007-08-31 00:00:00,334356.0,Gallons,4897.0
2629916,5878548,Potable: Mixed Indoor/Outdoor,2007-09-30 00:00:00,225148.0,Gallons,2840.0
2629916,5878548,Potable: Mixed Indoor/Outdoor,2007-10-31 00:00:00,166056.0,Gallons,2118.0
2629916,5878548,Potable: Mixed Indoor/Outdoor,2007-11-30 00:00:00,194480.0,Gallons,2465.0
2629916,5878548,Potable: Mixed Indoor/Outdoor,2007-12-31 00:00:00,167552.0,Gallons,2297.0
2629916,5878548,Potable: Mixed Indoor/Outdoor,2008-01-31 00:00:00,171292.0,Gallons,2315.0
2629916,5878548,Potable: Mixed Indoor/Outdoor,2008-02-29 00:00:00,146608.0,Gallons,2022.0
2629916,5878548,Potable: Mixed Indoor/Outdoor,2008-03-31 00:00:00,115940.0,Gallons,1618.0
2629916,5878548,Potable: Mixed Indoor/Outdoor,2008-04-30 00:00:00,133144.0,Gallons,1845.0
2629916,5878548,Potable: Mixed Indoor/Outdoor,2008-05-31 00:00:00,171292.0,Gallons,2346.0
2629916,5878548,Potable: Mixed Indoor/Outdoor,2008-06-30 00:00:00,257312.0,Gallons,3478.0
2629916,5878548,Potable: Mixed Indoor/Outdoor,2008-07-31 00:00:00,544544.0,Gallons,7319.0
2629916,5878548,Potable: Mixed Indoor/Outdoor,2008-08-31 00:00:00,224400.0,Gallons,3104.0
2629916,5878548,Potable: Mixed Indoor/Outdoor,2008-09-30 00:00:00,225148.0,Gallons,2840.0
2629916,5878548,Potable: Mixed Indoor/Outdoor,2008-10-31 00:00:00,185504.0,Gallons,2502.0
2629916,5878548,Potable: Mixed Indoor/Outdoor,2008-11-30 00:00:00,121176.0,Gallons,1656.0
2629916,5878548,Potable: Mixed Indoor/Outdoor,2008-12-31 00:00:00,124168.0,Gallons,1756.0
2629916,5878548,Potable: Mixed Indoor/Outdoor,2009-01-31 00:00:00,124168.0,Gallons,1756.0
2629916,5878548,Potable: Mixed Indoor/Outdoor,2009-02-28 00:00:00,124916.0,Gallons,1767.0
2629916,5878548,Potable: Mixed Indoor/Outdoor,2009-03-31 00:00:00,145112.0,Gallons,2042.0
2629916,5878548,Potable: Mixed Indoor/Outdoor,2009-04-30 00:00:00,131648.0,Gallons,1858.0
2629916,5878548,Potable: Mixed Indoor/Outdoor,2009-05-31 00:00:00,188496.0,Gallons,2631.0
2629916,5878548,Potable: Mixed Indoor/Outdoor,2009-06-30 00:00:00,252824.0,Gallons,3504.0
2629916,5878548,Potable: Mixed Indoor/Outdoor,2009-07-31 00:00:00,320892.0,Gallons,4429.0
2629916,5878548,Potable: Mixed Indoor/Outdoor,2009-08-31 00:00:00,270028.0,Gallons,3700.0
2629916,5878548,Potable: Mixed Indoor/Outdoor,2009-09-30 00:00:00,279004.0,Gallons,3860.0
2629916,5878548,Potable: Mixed Indoor/Outdoor,2009-10-31 00:00:00,188496.0,Gallons,2631.0
2629916,5878548,Potable: Mixed Indoor/Outdoor,2009-11-30 00:00:00,145860.0,Gallons,2051.0
2629916,5878548,Potable: Mixed Indoor/Outdoor,2009-12-31 00:00:00,128656.0,Gallons,1856.0
2629916,5878548,Potable: Mixed Indoor/Outdoor,2010-01-31 00:00:00,169796.0,Gallons,2980.0
2629916,5878548,Potable: Mixed Indoor/Outdoor,2010-02-28 00:00:00,159324.0,Gallons,2204.0
2629916,5878548,Potable: Mixed Indoor/Outdoor,2010-03-31 00:00:00,183260.0,Gallons,2611.0
2629916,5878548,Potable: Mixed Indoor/Outdoor,2010-04-30 00:00:00,188496.0,Gallons,2683.0
2629916,5878548,Potable: Mixed Indoor/Outdoor,2010-05-31 00:00:00,219912.0,Gallons,3118.0
2629916,5878548,Potable: Mixed Indoor/Outdoor,2010-06-30 00:00:00,367268.0,Gallons,5157.0
2629916,5878548,Potable: Mixed Indoor/Outdoor,2010-07-31 00:00:00,380732.0,Gallons,3767.0
2629916,5878548,Potable: Mixed Indoor/Outdoor,2010-08-31 00:00:00,274516.0,Gallons,3874.0
2629916,5878548,Potable: Mixed Indoor/Outdoor,2010-09-12 00:00:00,250580.0,Gallons,3542.0
2629916,5878548,Potable: Mixed Indoor/Outdoor,2010-10-13 00:00:00,172040.0,Gallons,2456.0
2629916,5878548,Potable: Mixed Indoor/Outdoor,2010-11-13 00:00:00,176528.0,Gallons,771.0
2629916,5878548,Potable: Mixed Indoor/Outdoor,2010-12-14 00:00:00,126410.0,Gallons,1863.0
2629916,5878548,Potable: Mixed Indoor/Outdoor,2011-01-14 00:00:00,146608.0,Gallons,2148.0
2629916,5878548,Potable: Mixed Indoor/Outdoor,2011-02-14 00:00:00,100232.0,Gallons,1494.0
2629916,5878548,Potable: Mixed Indoor/Outdoor,2011-03-17 00:00:00,139128.0,Gallons,2042.0
2629916,5878548,Potable: Mixed Indoor/Outdoor,2011-04-17 00:00:00,159324.0,Gallons,2327.0
2629916,5878548,Potable: Mixed Indoor/Outdoor,2011-05-18 00:00:00,179520.0,Gallons,2612.0
2629916,5878548,Potable: Mixed Indoor/Outdoor,2011-06-18 00:00:00,74800.0,Gallons,1135.0
2629916,5878548,Potable: Mixed Indoor/Outdoor,2011-07-19 00:00:00,380732.0,Gallons,3767.0
2629916,5878548,Potable: Mixed Indoor/Outdoor,2011-08-19 00:00:00,454844.0,Gallons,6495.0
2629916,5878548,Potable: Mixed Indoor/Outdoor,2011-09-19 00:00:00,626076.0,Gallons,8951.0
2629916,5878548,Potable: Mixed Indoor/Outdoor,2011-10-20 00:00:00,105468.0,Gallons,1567.0
2629916,5878548,Potable: Mixed Indoor/Outdoor,2011-11-20 00:00:00,81532.0,Gallons,1231.0
2629916,5878548,Potable: Mixed Indoor/Outdoor,2011-12-21 00:00:00,671045.0,Gallons,9576.0
2629916,5878548,Potable: Mixed Indoor/Outdoor,2012-01-26 00:00:00,74800.0,Gallons,1151.0
2629916,5878548,Potable: Mixed Indoor/Outdoor,2012-02-22 00:00:00,93512.0,Gallons,1415.0
2629916,5878548,Potable: Mixed Indoor/Outdoor,2012-03-23 00:00:00,83776.0,Gallons,1278.0
2629916,5878548,Potable: Mixed Indoor/Outdoor,2012-04-19 00:00:00,74810.0,Gallons,1151.0
2629916,5878548,Potable: Mixed Indoor/Outdoor,2012-05-20 00:00:00,179520.0,Gallons,2612.0
2629916,5878548,Potable: Mixed Indoor/Outdoor,2012-06-20 00:00:00,74800.0,Gallons,1135.0
2629916,5878548,Potable: Mixed Indoor/Outdoor,2012-07-21 00:00:00,380732.0,Gallons,3767.0
2629916,5878548,Potable: Mixed Indoor/Outdoor,2012-08-21 00:00:00,454844.0,Gallons,6495.0
2629916,5878548,Potable: Mixed Indoor/Outdoor,2012-09-21 00:00:00,626076.0,Gallons,8951.0
2629916,5878548,Potable: Mixed Indoor/Outdoor,2012-10-25 00:00:00,79288.0,Gallons,1214.0
2629916,5878548,Potable: Mixed Indoor/Outdoor,2012-12-27 00:00:00,130000.0,Gallons,2200.0
2629916,5878548,Potable: Mixed Indoor/Outdoor,2013-01-28 00:00:00,99418.0,Gallons,1561.0
2629916,5878548,Potable: Mixed Indoor/Outdoor,2013-02-28 00:00:00,138380.0,Gallons,2179.0
2629916,5878548,Potable: Mixed Indoor/Outdoor,2013-03-26 00:00:00,88264.0,Gallons,1455.0
2629916,5878548,Potable: Mixed Indoor/Outdoor,2013-04-23 00:00:00,108474.0,Gallons,1746.0
2629916,5878548,Potable: Mixed Indoor/Outdoor,2013-05-23 00:00:00,339592.0,Gallons,5086.0
2629916,5878548,Potable: Mixed Indoor/Outdoor,2013-06-26 00:00:00,193009.0,Gallons,2968.0
2629916,5878548,Potable: Mixed Indoor/Outdoor,2013-07-24 00:00:00,270064.0,Gallons,4082.0
2629916,5878548,Potable: Mixed Indoor/Outdoor,2013-08-22 00:00:00,0.0,Gallons,1303.0
2629916,5878548,Potable: Mixed Indoor/Outdoor,2013-09-23 00:00:00,267036.0,Gallons,4038.0
2629916,5878548,Potable: Mixed Indoor/Outdoor,2013-10-24 00:00:00,97253.0,Gallons,1634.0
2629916,5878548,Potable: Mixed Indoor/Outdoor,2013-11-22 00:00:00,0.0,Gallons,1051.0
2629916,5878548,Potable: Mixed Indoor/Outdoor,2013-12-27 00:00:00,25432.0,Gallons,588.0
2629916,5878548,Potable: Mixed Indoor/Outdoor,2014-01-31 00:00:00,39700.0,Gallons,799.0
2629916,5878548,Potable: Mixed Indoor/Outdoor,2014-02-27 00:00:00,37405.0,Gallons,766.0
2629916,5878548,Potable: Mixed Indoor/Outdoor,2014-03-25 00:00:00,523600.0,Gallons,1076.0
2629916,5878548,Potable: Mixed Indoor/Outdoor,2014-04-23 00:00:00,463796.0,Gallons,898.0
2629916,5878548,Potable: Mixed Indoor/Outdoor,2014-05-22 00:00:00,101728.0,Gallons,1720.0
2629916,5878548,Potable: Mixed Indoor/Outdoor,2014-06-20 00:00:00,157828.0,Gallons,2551.0
2629916,5878548,Potable: Mixed Indoor/Outdoor,2014-07-23 00:00:00,198968.0,Gallons,3161.0
2629916,5878548,Potable: Mixed Indoor/Outdoor,2014-08-20 00:00:00,166056.0,Gallons,2674.0
2629916,5878548,Potable: Mixed Indoor/Outdoor,2014-09-18 00:00:00,207223.0,Gallons,3283.0
2629916,5878548,Potable: Mixed Indoor/Outdoor,2014-10-17 00:00:00,120428.0,Gallons,2100.0
2629916,5878548,Potable: Mixed Indoor/Outdoor,2014-11-18 00:00:00,89760.0,Gallons,1620.0
2629916,5878548,Potable: Mixed Indoor/Outdoor,2014-12-23 00:00:00,32164.0,Gallons,730.0
2629916,5878548,Potable: Mixed Indoor/Outdoor,2015-01-27 00:00:00,19448.0,Gallons,529.0
2629916,5878548,Potable: Mixed Indoor/Outdoor,2015-02-26 00:00:00,44132.0,Gallons,919.0
2629916,5878548,Potable: Mixed Indoor/Outdoor,2015-03-25 00:00:00,54604.0,Gallons,1085.0
2629916,5878548,Potable: Mixed Indoor/Outdoor,2015-04-23 00:00:00,59840.0,Gallons,1168.0
2629916,5878548,Potable: Mixed Indoor/Outdoor,2015-05-26 00:00:00,125664.0,Gallons,2210.0
2629916,5878548,Potable: Mixed Indoor/Outdoor,2015-06-25 00:00:00,278256.0,Gallons,4625.0
