Building ID,Portfolio Manager ID,State,Postal Code,Country,Year Built,GSF,Region
AK0000AA ,2999292,Alaska,99513,United States,1976,727348,10
AK0000AB ,20597,Alaska,99827,United States,1979,17927,10
AK0000AH ,2629904,Alaska,99780,United States,1973,43166,10
AK0001ZZ ,20600,Alaska,99501,United States,1940,101976,10
AK0005AK ,20599,Alaska,99901,United States,1938,41652,10
AK0013ZZ ,2629908,Alaska,99801,United States,1966,335822,10
AK0029ZZ ,2629910,Alaska,99701,United States,1977,200468,10
AK0032AA ,2536762,Alaska,99513,United States,1976,75289,10
AK0514ZZ ,2629911,Alaska,99833,United States,1972,11318,10
AK0526ZZ ,2629912,Alaska,99840,United States,1994,5016,10
AL0000AB ,2629913,Alabama,36602,United States,1932,399659,4
AL0000AC ,2385102,Alabama,36104,United States,2000,427480,4
AL0004ZZ ,2629914,Alabama,36201,United States,1906,19397,4
AL0007ZZ ,2629915,Alabama,36602,United States,2010,346691,4
AL0010ZZ ,2999293,Alabama,35401,United States,2012,123259,4
AL0011ZZ ,2629916,Alabama,35203,United States,1921,173996,4
AL0019ZZ ,2629917,Alabama,36301,United States,1911,21224,4
AL0028ZZ ,2629918,Alabama,35901,United States,1910,34920,4
AL0034ZZ ,2629919,Alabama,35801,United States,1936,40929,4
AL0046ZZ ,819,Alabama,36801,United States,1918,23383,4
AL0055ZZ ,2629920,Alabama,36701,United States,1909,26140,4
AL0079ZZ ,2629922,Alabama,35201,United States,1967,10965,4
AR0000RK ,830,Arkansas,72201,United States,1932,881403,7
AR0021ZZ ,1976058,Arkansas,72901,United States,1937,97092,7
AR0031ZZ ,1772097,Arkansas,72201,United States,1881,88021,7
AR0057ZZ ,2394954,Arkansas,75501,United States,1933,100674,7
AR0062ZZ ,1779496,Arkansas,71901,United States,1961,69987,7
AR0066ZZ ,1978154,Arkansas,72342,United States,1959,40155,7
AR0078ZZ ,1775888,Arkansas,71601,United States,1966,107960,7
AR0079ZZ ,1977394,Arkansas,72501,United States,1974,52558,7
AR0084ZZ ,1930409,Arkansas,72701,United States,1974,64186,7
AZ0000AA ,1299757,Arizona,85341,United States,1976,24275,9
AZ0000BB ,1299747,Arizona,85621,United States,1936,100225,9
AZ0000CC ,1303974,Arizona,85633,United States,1937,15502,9
AZ0000DD ,1303915,Arizona,85607,United States,1933,66357,9
AZ0000FF ,1299729,Arizona,85713,United States,1965,13511,9
AZ0000GG ,1303969,Arizona,85349,United States,1984,51029,9
AZ0000HH ,1299718,Arizona,85620,United States,1937,22701,9
AZ0000JJ ,2629923,Arizona,85349,United States,2008,93956,9
AZ0000WW,1303927,Arizona,85621,United States,1985,104804,9
AZ0015ZZ ,1279942,Arizona,85701,United States,1930,77539,9
AZ0051ZZ ,2999298,Arizona,85003,United States,1962,0,9
AZ0052ZZ ,1279941,Arizona,85025,United States,1962,304848,9
AZ0058ZZ ,1283262,Arizona,85701,United States,1974,172676,9
AZ0303ZZ ,1283331,Arizona,85003,United States,2000,564113,9
AZ0307ZZ ,1279859,Arizona,85701,United States,2000,439713,9
AZ0369ZZ,3981441,Arizona,85364,United States,2013,62299,9
CA0000AA,1283266,California,94111,United States,1993,673367,9
CA0000BB ,1299754,California,92231,United States,1974,138180,9
CA0000CC ,1279897,California,90053,United States,1965,2469628,9
CA0000DD ,1283474,California,94103,United States,1905,470322,9
CA0000GG ,1278821,California,92115,United States,1932,223847,9
CA0000HH ,1303908,California,92283,United States,1958,9397,9
CA0000JJ ,1299380,California,92173,United States,1985,326899,9
CA0000KK ,1278853,California,94501,United States,1942,79662,9
CA0000LL ,1283446,California,92154,United States,1932,40983,9
CA0000MM,1283342,California,95825,United States,2003,334319,9
CA0000OO ,1303972,California,94025,United States,1953,400224,9
CA0000RR ,1283462,California,91105,United States,1931,168857,9
CA0000SS ,1283255,California,92677,United States,1971,1067060,9
CA0000WW ,1299389,California,92231,United States,1996,208141,9
CA0041ZZ ,1279893,California,90012,United States,1937,885295,9
CA0083ZZ,1279948,California,95818,United States,1973,189904,9
CA0088ZZ ,1283247,California,92101,United States,1913,73179,9
CA0093ZZ ,600,California,94102,United States,1935,535214,9
CA0149ZZ ,1283248,California,90014,United States,1955,71535,9
CA0152ZZ ,1283259,California,95814,United States,1961,361129,9
CA0154ZZ ,1279464,California,94102,United States,1964,1427968,9
CA0167ZZ ,2629925,California,92101,United States,1976,895249,9
CA0168ZZ ,1278834,California,90024,United States,1969,587586,9
CA0185ZZ,1279333,California,91104,United States,1985,13200,9
CA0186ZZ ,2629926,California,93277,United States,1977,11977,9
CA0194ZZ,1279949,California,90255,United States,1985,23538,9
CA0198ZZ,1283349,California,91401,United States,1985,230893,9
CA0200ZZ ,1283468,California,92701,United States,1975,280365,9
CA0221ZZ ,1279481,California,95404,United States,1975,77839,9
CA0224ZZ ,1278861,California,90250,United States,1971,216104,9
CA0235ZZ ,1283371,California,94066,United States,1972,233987,9
CA0260ZZ ,1283238,California,95113,United States,1982,269340,9
CA0272ZZ ,2629927,California,90025,United States,1982,192192,9
CA0273ZZ ,1283287,California,90802,United States,1989,306260,9
CA0281ZZ ,1279478,California,94612,United States,1993,1101444,9
CA0295ZZ ,1177145,California,92701,United States,1999,672747,9
CA0305ZZ ,2629928,California,94103,United States,2007,652433,9
CA0306ZZ ,1279839,California,95814,United States,1999,773986,9
CA0309ZZ ,1283275,California,93721,United States,2005,495913,9
CA0315ZZ ,1567868,California,92101,United States,1984,60250,9
CA0316ZZ ,3478838,California,92101,United States,2012,480941,9
CA0363ZZ ,3264359,California,93303,United States,1900,35468,9
CA6764ZZ ,2998918,California,94501,United States,1985,63595,9
CA9551RR ,2999299,California,91105,United States,1931,0,9
CO0000AA ,2280735,Colorado,80225,United States,1941,4368913,8
CO0000XX ,2999300,Colorado,80225,United States,1900,0,8
CO0006ZZ ,2280737,Colorado,80202,United States,1931,278252,8
CO0009ZZ ,2280739,Colorado,80202,United States,1916,269946,8
CO0018ZZ ,2629929,Colorado,81501,United States,1918,41564,8
CO0039ZZ ,2280741,Colorado,80294,United States,1965,790943,8
CO0046ZZ ,2487774,Colorado,80521,United States,1972,83110,8
CO0050ZZ ,2280901,Colorado,80205,United States,1937,19487,8
CO0051ZZ ,2280800,Colorado,80205,United States,1947,12492,8
CO0053ZZ ,2629930,Colorado,80205,United States,1960,0,8
CO0054ZZ ,2280903,Colorado,80204,United States,1984,313265,8
CO0061ZZ ,2629931,Colorado,80294,United States,2002,326686,8
CO0501AA ,3205465,Colorado,80225,United States,1941,5407,8
CO0511AA ,3210202,Colorado,80225,United States,1941,418099,8
CO0514AA ,3222498,Colorado,80225,United States,1941,402595,8
CO0515AA ,3237239,Colorado,80225,United States,1941,50092,8
CO0516AA ,3237241,Colorado,80225,United States,1941,496978,8
CO0518AA ,3237243,Colorado,80225,United States,1941,9381,8
CO0519AA ,3237245,Colorado,80225,United States,1941,78407,8
CO0520AA ,3237247,Colorado,80225,United States,1941,21318,8
CO0522AA ,3222511,Colorado,80225,United States,1941,150994,8
CO0527AA ,3237249,Colorado,80225,United States,1977,132830,8
CO0529AA ,3237251,Colorado,80225,United States,1941,11427,8
CO0530AA ,3237253,Colorado,80225,United States,1941,387363,8
CO0531AA ,3237255,Colorado,80225,United States,1941,3541,8
CO0532AA ,3237257,Colorado,80225,United States,1941,14050,8
CO0533AA ,3237259,Colorado,80225,United States,1941,354441,8
CO0543AA ,3237261,Colorado,80225,United States,1944,6840,8
CO0576AA ,3237263,Colorado,80225,United States,1975,87911,8
CO0624AA ,3237265,Colorado,80225,United States,1965,680670,8
CO0625AA ,3209167,Colorado,80225,United States,1966,27749,8
CO0626AA ,3210163,Colorado,80225,United States,1966,38159,8
CO0627AA ,3237267,Colorado,80225,United States,1967,372086,8
CO0631AA ,3237269,Colorado,80225,United States,1963,35845,8
CO0644AA/CO0662AA ,3237271,Colorado,80225,United States,1973,9803,8
CO0651AA ,3206172,Colorado,80225,United States,1986,5220,8
CO0652AA ,3688460,Colorado,80225,United States,1986,5906,8
CO0654AA ,3237273,Colorado,80225,United States,1985,55599,8
CO0657AA ,3237275,Colorado,80225,United States,1985,17410,8
CO0659AA ,3222578,Colorado,80225,United States,1999,112747,8
CO0660AA ,3222552,Colorado,80225,United States,1992,21191,8
CO0661AA ,3222517,Colorado,80225,United States,1991,2610,8
CO0663AA ,3237279,Colorado,80225,United States,2002,15417,8
CT0013ZZ ,902,Connecticut,06103,United States,1933,183507,1
CT0024ZZ ,903,Connecticut,06510,United States,1919,142659,1
CT0053ZZ ,904,Connecticut,06103,United States,1963,360959,1
CT0059ZZ ,905,Connecticut,06604,United States,1967,130925,1
CT0060ZZ ,906,Connecticut,06790,United States,1969,5683,1
CT0061ZZ ,907,Connecticut,06510,United States,1977,176062,1
DC0000AB ,2629932,District of Columbia (D.C.),20004,United States,1934,1213119,11
DC0000AC ,2629933,District of Columbia (D.C.),20037,United States,1904,251650,11
DC0000BE ,2999301,District of Columbia (D.C.),20372,United States,1900,0,11
DC0000NA ,2999302,District of Columbia (D.C.),20016,United States,1942,567321,11
DC0000SE ,2629934,District of Columbia (D.C.),20036,United States,2006,0,11
DC0001ZZ ,2629935,District of Columbia (D.C.),20407,United States,1933,271965,11
DC0007ZZ ,1670098,District of Columbia (D.C.),20420,United States,1919,684711,11
DC0010ZZ ,1675799,District of Columbia (D.C.),20202,United States,1959,607259,11
DC0014PB ,913,District of Columbia (D.C.),20001,United States,1952,602536,11
DC0017ZZ ,2629937,District of Columbia (D.C.),20005,United States,1902,28200,11
DC0021ZZ,2629938,District of Columbia (D.C.),20405,United States,1917,813649,11
DC0026ZZ ,1670156,District of Columbia (D.C.),20009,United States,1940,684488,11
DC0027ZZ,2999303,District of Columbia (D.C.),20373,United States,2010,109993,11
DC0028ZZ ,1671354,District of Columbia (D.C.),20004,United States,1934,885811,11
DC0029ZZ ,1671362,District of Columbia (D.C.),20001,United States,1899,392082,11
DC0030ZZ,1635653,District of Columbia (D.C.),20001,United States,1985,260226,11
DC0031ZZ ,1212177,District of Columbia (D.C.),20407,United States,1932,920264,11
DC0033ZZ ,920,District of Columbia (D.C.),20230,United States,1940,600921,11
DC0034ZZ ,1675956,District of Columbia (D.C.),20201,United States,1940,1176918,11
DC0035ZZ,1671499,District of Columbia (D.C.),20506,United States,1973,697307,11
DC0048ZZ ,2629939,District of Columbia (D.C.),20006,United States,1854,81093,11
DC0053ZZ ,1669745,District of Columbia (D.C.),20003,United States,1924,37535,11
DC0078ZZ ,2629940,District of Columbia (D.C.),20006,United States,1920,53580,11
DC0083ZZ ,1675972,District of Columbia (D.C.),20591,United States,1963,1114224,11
DC0084ZZ,1676024,District of Columbia (D.C.),20003,United States,1973,421319,11
DC0086ZZ ,1669798,District of Columbia (D.C.),20024,United States,1965,390829,11
DC0094ZZ ,1687185,District of Columbia (D.C.),20005,United States,1967,198451,11
DC0105ZZ ,1671513,District of Columbia (D.C.),20006,United States,1966,409266,11
DC0111ZZ ,1687187,District of Columbia (D.C.),20005,United States,1820,15158,11
DC0112ZZ ,1687191,District of Columbia (D.C.),20005,United States,1828,12553,11
DC0113ZZ ,1687196,District of Columbia (D.C.),20005,United States,1928,14972,11
DC0114ZZ ,1687199,District of Columbia (D.C.),20217,United States,1974,229922,11
DC0313ZZ ,1687200,District of Columbia (D.C.),20001,United States,1984,128706,11
DC0321ZZ ,2999304,District of Columbia (D.C.),20001,United States,2002,335372,11
DC0400ZZ,4005570,District of Columbia (D.C.),20003,United States,2014,240240,11
DC0459AF ,2629941,District of Columbia (D.C.),20002,United States,1996,3360676,11
DC0463ZZ ,2629942,District of Columbia (D.C.),20037,United States,1997,387591,11
DC0501BC ,1687203,District of Columbia (D.C.),20002,United States,1879,159329,11
DC0505ZZ ,1671392,District of Columbia (D.C.),20001,United States,1999,692023,11
DC0566ZZ ,1671430,District of Columbia (D.C.),20548,United States,1900,301662,11
DC0573PB ,1687207,District of Columbia (D.C.),20001,United States,1952,395987,11
DC0720ZZ,4185087,District of Columbia (D.C.),20002,United States,2012,27000,11
TEST FACILIT,4322941,District of Columbia (D.C.),20405,United States,1650,100000,11
TEST FACILITY ,4138715,District of Columbia (D.C.),20000,United States,2000,200000,11
DE0016ZZ ,2474693,Delaware,19801,United States,1973,202615,3
FL0000AC ,2341837,Florida,33401,United States,1972,176451,4
FL0000AD ,2341424,Florida,33128,United States,1933,365765,4
FL0000AE ,2629944,Florida,33602,United States,1989,306402,4
FL0002AE ,1867227,Florida,33062,United States,1988,129502,4
FL0004ZZ ,2629945,Florida,32301,United States,2000,169758,4
FL0009ZZ ,1867886,Florida,33901,United States,1998,163365,4
FL0010ZZ ,2339944,Florida,33128,United States,2007,546513,4
FL0012ZZ ,2629946,Florida,33602,United States,1998,432178,4
FL0017ZZ ,2629947,Florida,32202,United States,2002,491710,4
FL0019ZZ ,2341905,Florida,33040,United States,1931,54725,4
FL0025ZZ ,2629948,Florida,32801,United States,2007,474551,4
FL0030ZZ ,3264360,Florida,34950,United States,2011,146606,4
FL0033ZZ,4428014,Florida,33027,United States,2015,606121,4
FL0039ZZ ,2629949,Florida,32502,United States,1939,59872,4
FL0049ZZ ,2629950,Florida,32301,United States,1937,46521,4
FL0057ZZ ,2629951,Florida,34475,United States,1961,68942,4
FL0061ZZ ,2341092,Florida,33130,United States,1964,292346,4
FL0064AE ,1867295,Florida,33602,United States,1964,114730,4
FL0065ZZ ,1877042,Florida,32801,United States,1964,105697,4
FL0067ZZ ,2629952,Florida,32202,United States,1967,334196,4
FL0079ZZ ,2341492,Florida,33131,United States,1971,263155,4
FL0082ZZ ,2999305,Florida,32801,United States,1975,208647,4
FL0089ZZ ,2342009,Florida,33301,United States,1978,225233,4
FL1021ZZ ,2341538,Florida,33101,United States,1993,318467,4
FL2245ZZ ,1877094,Florida,32502,United States,1999,92748,4
GA0000AB ,2629953,Georgia,31494,United States,1994,105661,4
GA0000AC ,2629954,Georgia,31401,United States,1985,282321,4
GA0005ZZ ,2629956,Georgia,30601,United States,1942,42856,4
GA0007ZZ ,2629957,Georgia,30303,United States,1934,361331,4
GA0008ZZ ,2629958,Georgia,30303,United States,1910,202069,4
GA0009ZZ ,2629959,Georgia,30903,United States,1916,57472,4
GA0010AE ,1923066,Georgia,30341,United States,1999,417149,4
GA0012ZZ,2629960,Georgia,31702,United States,2002,82448,4
GA0025ZZ ,2629961,Georgia,31902,United States,1934,60002,4
GA0030ZZ ,2629962,Georgia,30303,United States,2010,0,4
GA0036ZZ ,2629963,Georgia,31021,United States,1937,32149,4
GA0044ZZ ,986,Georgia,30501,United States,1910,51774,4
GA0057ZZ ,2629964,Georgia,31202,United States,1896,90398,4
GA0076ZZ ,2629965,Georgia,31402,United States,1852,29403,4
GA0078ZZ ,2629966,Georgia,31402,United States,1899,124080,4
GA0087AD ,2629955,Georgia,30308,United States,1975,866217,4
GA0103ZZ ,2629967,Georgia,31520,United States,1959,64531,4
GA0112ZZ ,992,Georgia,31792,United States,1963,52555,4
GA0114ZZ ,2629968,Georgia,30458,United States,1963,32958,4
GA0118ZZ ,995,Georgia,30161,United States,1974,96116,4
GA0121ZZ ,7371,Georgia,30303,United States,1979,1214280,4
GA0125ZZ ,2629969,Georgia,30263,United States,1968,53569,4
GA0134ZZ ,2629970,Georgia,31601,United States,1969,97227,4
GA0138ZZ ,2629971,Georgia,30601,United States,1974,85045,4
GA1007ZZ ,13304,Georgia,30303,United States,1997,1924567,4
GA2243ZZ ,3296550,Georgia,30117,United States,1900,0,4
GA2637ZZ ,2629972,Georgia,31780,United States,1925,2024,4
HI0001ZZ ,1279896,Hawaii,96720,United States,1917,50333,9
HI0002ZZ ,1279486,Hawaii,96720,United States,1941,5948,9
HI0011ZZ ,1279367,Hawaii,96850,United States,1977,760106,9
IA0027ZZ ,1375897,Iowa,52801,United States,1933,75086,6
IA0030ZZ ,1341310,Iowa,50309,United States,1929,97470,6
IA0087ZZ ,1341311,Iowa,51101,United States,1932,110805,6
IA0112ZZ ,1331382,Iowa,50309,United States,1967,405238,6
IA0119ZZ ,1375893,Iowa,52240,United States,1974,98720,6
IA0121ZZ ,4139239,Iowa,52401,United States,2012,306000,6
ID0000EB ,2629975,Idaho,83826,United States,1987,16144,10
ID0000PB ,2629976,Idaho,83853,United States,1967,18622,10
ID0025ZZ ,20611,Idaho,83724,United States,1967,274412,10
ID0027ZZ ,2629977,Idaho,83501,United States,1972,8671,10
IL0000CF ,2410780,Illinois,60629,United States,1973,185581,5
IL0000ES ,1165536,Illinois,62201,United States,1910,136132,5
IL0000FC ,1608159,Illinois,60604,United States,1973,3177981,5
IL0032ZZ ,1154581,Illinois,60607,United States,1932,279320,5
IL0054ZZ ,1608749,Illinois,60605,United States,1912,689733,5
IL0059ZZ ,1165526,Illinois,61832,United States,1911,67845,5
IL0154ZZ ,1165544,Illinois,61601,United States,1938,118883,5
IL0173ZZ ,1165522,Illinois,62701,United States,1930,139164,5
IL0200ZZ ,1165534,Illinois,62812,United States,1959,32761,5
IL0206ZZ ,1165558,Illinois,62002,United States,1972,34159,5
IL0214ZZ ,1736110,Illinois,62301,United States,1972,6073,5
IL0220ZZ ,1583504,Illinois,62201,United States,1966,33959,5
IL0222ZZ ,1165542,Illinois,62864,United States,1973,19578,5
IL0240ZZ ,1165516,Illinois,62901,United States,1978,39019,5
IL0300ZZ ,2629979,Illinois,60607,United States,1973,1290,5
IL0302ZZ ,1731745,Illinois,61801,United States,1994,51680,5
IL0303ZZ ,1165562,Illinois,60604,United States,1991,840365,5
IL0311ZZ,2999306,Illinois,61101,United States,2012,211320,5
IL0315ZZ,2629980,Illinois,60604,United States,2008,198400,5
IL0317ZZ ,2629981,Illinois,60604,United States,1911,7535,5
IL0318ZZ,2629982,Illinois,60604,United States,2006,67425,5
IL2125ZZ,2629983,Illinois,60604,United States,1985,120593,5
IL2477ZZ,4337847,Illinois,61607,United States,2011,2600,5
IN0000JF ,2629985,Indiana,47130,United States,1952,23153,5
IN0031ZZ ,1165528,Indiana,46802,United States,1932,113586,5
IN0048ZZ ,1165554,Indiana,46204,United States,1905,546469,5
IN0057ZZ ,1165552,Indiana,47901,United States,1932,65061,5
IN0096ZZ ,1165532,Indiana,46601,United States,1933,135972,5
IN0126ZZ ,1165518,Indiana,47150,United States,1966,40762,5
IN0133ZZ ,1559123,Indiana,46204,United States,1974,636046,5
IN0300ZZ ,1165574,Indiana,46320,United States,2002,295096,5
IN0621NH ,2999307,Indiana,46774,United States,1900,0,5
IN1703ZZ ,1154571,Indiana,46249,United States,1953,1659139,5
John Weld Peck Federal Buildin,3641424,Ohio,45202,United States,1962,791748,5
OH0000CL,1582428,Ohio,43215,United States,1985,453710,5
OH0000CN ,1611790,Ohio,45202,United States,1938,1333788,5
OH0000DD ,2387002,Ohio,45420,United States,1952,212204,5
OH0033ZZ,1424644,Ohio,44114,United States,1973,245368,5
OH0046ZZ ,1035801,Ohio,43215,United States,1935,284798,5
OH0100ZZ ,1583679,Ohio,44256,United States,1938,8825,5
OH0143ZZ ,2411696,Ohio,43604,United States,1932,91767,5
OH0192ZZ ,1437116,Ohio,44199,United States,1966,1482777,5
OH0194ZZ ,1165520,Ohio,44308,United States,1974,256905,5
OH0195ZZ ,1154584,Ohio,45402,United States,1974,169020,5
OH0196ZZ ,2630116,Ohio,45402,United States,1979,0,5
OH0215ZZ ,1782904,Ohio,44503,United States,1995,42608,5
OH0301ZZ ,1165556,Ohio,44114,United States,2002,779709,5
OH0302ZZ ,1769197,Ohio,44503,United States,2002,52255,5
OH2030ZZ,4337862,Ohio,44107,United States,1989,17181,5
OH2090ZZ,4337863,Ohio,44131,United States,1994,10922,5
OH2093ZZ,4337864,Ohio,44114,United States,1993,27918,5
OH2138ZZ,4337865,Ohio,44131,United States,1995,72704,5
OH2158ZZ,4337866,Ohio,45202,United States,2003,78722,5
Potter Stewart Courthous,3940647,Ohio,45202,United States,1938,542040,5
KS0070ZZ ,1534769,Kansas,67201,United States,1932,174767,6
KS0085ZZ ,1513380,Kansas,66101,United States,1972,14861,6
KS0092ZZ ,1448874,Kansas,66683,United States,1977,325083,6
KS0094ZZ ,1530752,Kansas,66101,United States,1994,286446,6
KY0000AB ,2629987,Kentucky,40741,United States,2002,111023,4
KY0006ZZ ,2629988,Kentucky,42101,United States,1913,32445,4
KY0013ZZ ,2629989,Kentucky,41011,United States,1999,116919,4
KY0042ZZ ,2629990,Kentucky,40507,United States,1934,99221,4
KY0045ZZ ,1078,Kentucky,40202,United States,1932,404851,4
KY0058ZZ ,2629992,Kentucky,42301,United States,1911,35693,4
KY0059ZZ ,1080,Kentucky,42001,United States,1938,57221,4
KY0062ZZ ,2629993,Kentucky,41501,United States,1932,26795,4
KY0086ZZ,2629994,Kentucky,40202,United States,1973,469770,4
KY0088ZZ,1085,Kentucky,40601,United States,1985,61193,4
KY0089ZZ ,2629995,Kentucky,41101,United States,1985,61712,4
LA0000BR ,2629996,Louisiana,70815,United States,1949,42312,7
LA0000BT ,2629997,Louisiana,70801,United States,1933,259737,7
LA0000NE ,2629998,Louisiana,70114,United States,1934,18226,7
LA0000NL ,2629999,Louisiana,70123,United States,1943,208493,7
LA0002ZZ ,1956276,Louisiana,71301,United States,1933,50362,7
LA0029ZZ ,1971761,Louisiana,71201,United States,1934,49148,7
LA0033ZZ ,2630000,Louisiana,70130,United States,1881,380825,7
LA0034ZZ ,1482486,Louisiana,70130,United States,1939,266523,7
LA0035ZZ ,1490147,Louisiana,70130,United States,1915,214136,7
LA0070ZZ ,1939542,Louisiana,70360,United States,1972,66087,7
LA0072ZZ ,2630001,Louisiana,70130,United States,1964,0,7
LA0085ZZ ,1488819,Louisiana,70130,United States,1976,656040,7
LA0098ZZ ,1941770,Louisiana,71101,United States,1993,221985,7
LA0099ZZ ,2384204,Louisiana,70501,United States,1999,197911,7
MA0011ZZ ,1101,Massachusetts,02210,United States,1918,176013,1
MA0013ZZ ,1102,Massachusetts,02109,United States,1933,776861,1
MA0050ZZ ,1062619,Massachusetts,02109,United States,1998,915346,1
MA0051ZZ ,2630002,Massachusetts,01105,United States,2008,166618,1
MA0076ZZ,1447199,Massachusetts,02740,United States,1986,8345,1
MA0113ZZ ,1103,Massachusetts,01608,United States,1932,107686,1
MA0129ZZ ,1104,Massachusetts,01420,United States,1973,132240,1
MA0131ZZ ,1105,Massachusetts,02203,United States,1966,971779,1
MA0136ZZ ,1107,Massachusetts,02154,United States,1966,138215,1
MA0138ZZ ,1108,Massachusetts,01830,United States,1973,5964,1
MA0153ZZ ,1109,Massachusetts,02222,United States,1986,773445,1
MA0158ZZ ,1110,Massachusetts,02740,United States,1974,40141,1
MA0180ZZ ,1112,Massachusetts,01201,United States,1977,30518,1
TEST GSA CAMPU,4145824,Massachusetts,02222,United States,1985,453710,1
Test Pec,4145829,Massachusetts,02222,United States,1985,791748,1
Test Potte,4145828,Massachusetts,02222,United States,1985,542825,1
MD0000AG ,2630003,Maryland,20746,United States,1941,1955611,3
MD0000BW ,2999308,Maryland,20878,United States,1900,0,3
MD0000HC ,2448359,Maryland,21207,United States,1995,937173,3
MD0000WT,3296551,Maryland,20910,United States,2012,0,3
MD0003ZZ ,2630004,Maryland,21202,United States,1934,169803,3
MD0006ZZ ,2630005,Maryland,21202,United States,1907,178519,3
MD0033ZZ ,2249801,Maryland,21801,United States,1925,28823,3
MD0055ZZ ,2448139,Maryland,21201,United States,1967,649193,3
MD0068ZZ,4200542,Maryland,21201,United States,1985,1085741,3
MD0205ZZ ,1671545,Maryland,20910,United States,1987,191187,3
MD0232ZZ ,2630006,Maryland,20781,United States,1994,297016,3
MD0278ZZ ,1671534,Maryland,20706,United States,1997,1111466,3
MD0290ZZ ,2999309,Maryland,20877,United States,1900,0,3
MD0325ZZ ,1671558,Maryland,20715,United States,1997,120560,3
MD0331WO,4123213,Maryland,20993,United States,2012,361254,3
MD0331ZZ ,2630007,Maryland,20910,United States,1998,407498,3
MD0334ZZ,1670018,Maryland,20740,United States,2002,441305,3
MD0731WO,4428016,Maryland,20993,United States,2014,21935,3
MD0765WO,4123214,Maryland,20993,United States,2012,149281,3
MD0767AG ,1702112,Maryland,20746,United States,2006,208000,3
MD0778AG ,2630008,Maryland,20746,United States,2006,1324349,3
MD0804WO,4123215,Maryland,20993,United States,2012,452886,3
MD0810WO ,2999310,Maryland,20993,United States,1900,0,3
MD0810ZZ ,2630009,Maryland,20904,United States,1900,40000,3
MD0811WO,4123216,Maryland,20993,United States,2012,150214,3
MD0816WO,4123217,Maryland,20993,United States,2012,151999,3
MD0817WO,4123218,Maryland,20993,United States,2012,444097,3
MD0821WO,4123219,Maryland,20993,United States,2012,336348,3
MD0822WO,4123220,Maryland,20993,United States,2012,106125,3
MD0823WO,4123221,Maryland,20993,United States,2012,98770,3
MD0825WO,4428017,Maryland,20993,United States,2014,323402,3
MD0826WO,4428018,Maryland,20993,United States,2014,279065,3
MD1440ZZ ,2448317,Maryland,21201,United States,1973,474601,3
MD1851WO,4123222,Maryland,20993,United States,2012,118512,3
MD1877WO,4428019,Maryland,20905,United States,2014,46500,3
ME0000BC ,2630010,Maine,04619,United States,1936,16803,1
ME0000BE,2630011,Maine,04936,United States,1985,15760,1
ME0000BF (ME0601BF) ,4269807,Maine,04742,United States,1934,5753,1
ME0000BF,2630012,Maine,04742,United States,1985,5753,1
ME0000BH ,2630013,Maine,04730,United States,1985,37562,1
ME0000BI ,2630014,Maine,04619,United States,2009,112525,1
ME0000BJ ,2630015,Maine,04945,United States,2009,57285,1
ME0000BL,2630016,Maine,04750,United States,1985,3268,1
ME0000BP,4005571,Maine,04774,United States,2014,2481,1
ME0000BT,2630017,Maine,04471,United States,1985,4189,1
ME0000BV ,2630018,Maine,04491,United States,1964,7263,1
ME0000BX ,2390897,Maine,04785,United States,2013,44518,1
ME0000HO ,3543554,Maine,04730,United States,1900,13331,1
ME0012BP ,2630019,Maine,04774,United States,1994,2085,1
ME0034ZZ ,1195,Maine,04101,United States,1911,93537,1
ME0035ZZ ,1196,Maine,04101,United States,1871,26943,1
ME0051ZZ ,2630020,Maine,04756,United States,1961,8990,1
ME0061ZZ ,1197,Maine,04401,United States,1967,183035,1
ME0068ZZ,1198,Maine,04330,United States,1973,113257,1
ME0074HO ,2391944,Maine,04730,United States,1965,11627,1
ME0078ZZ ,1199,Maine,04769,United States,1970,6731,1
ME0088ZZ ,2630022,Maine,04743,United States,1981,9954,1
ME0091ZZ ,2390966,Maine,04619,United States,1938,1704,1
ME0091ZZ,4005572,Maine,04619,United States,2014,1704,1
MI0000BC ,2408784,Michigan,49017,United States,1928,925780,5
MI0000CI,3424598,Michigan,48216,United States,2013,77156,5
MI0000DI ,2401480,Michigan,48207,United States,1933,48588,5
MI0000MC ,1463252,Michigan,48226,United States,1974,1003684,5
MI0029ZZ ,2630023,Michigan,48226,United States,1934,764904,5
MI0048ZZ ,1165572,Michigan,48502,United States,1931,71760,5
MI0072ZZ ,1165550,Michigan,49006,United States,1939,79845,5
MI0073ZZ ,1165538,Michigan,48933,United States,1932,189763,5
MI0097ZZ ,1526241,Michigan,48060,United States,1877,44397,5
MI0118ZZ ,2630024,Michigan,48107,United States,1979,109700,5
MI0137ZZ ,1165546,Michigan,49503,United States,1972,280257,5
MI0143ZZ ,2630025,Michigan,48226,United States,1990,0,5
MI0146ZZ ,2999313,Michigan,49783,United States,1952,0,5
MI0401ZZ ,2630026,Michigan,48216,United States,1993,46143,5
MI0402ZZ ,1154567,Michigan,48607,United States,2002,13587,5
MI0403ZZ ,2630027,Michigan,48216,United States,2005,6855,5
MI0404ZZ ,2630028,Michigan,48216,United States,2007,24128,5
MI0724SB ,1612029,Michigan,49783,United States,2005,73557,5
MI1951ZZ,4512805,Michigan,48226,United States,1995,851537,5
MN0000GP ,1612136,Minnesota,55605,United States,1966,16696,5
MN0000NB ,2630029,Minnesota,56740,United States,1932,16917,5
MN0000TC ,1559246,Minnesota,55111,United States,1969,699968,5
MN0000WB ,2630030,Minnesota,56763,United States,2010,43088,5
MN0015ZZ ,1165540,Minnesota,55802,United States,1930,189042,5
MN0021ZZ ,1165564,Minnesota,56537,United States,1903,52586,5
MN0036ZZ ,1214,Minnesota,55401,United States,1915,154915,5
MN0076ZZ ,2630031,Minnesota,56601,United States,1960,45210,5
MN0084ZZ ,1568066,Minnesota,55404,United States,1969,21492,5
MN0087ZZ ,2386983,Minnesota,55101,United States,1965,420975,5
MN0088ZZ ,2411343,Minnesota,55912,United States,1969,6061,5
MN0092ZZ ,1165566,Minnesota,55415,United States,1997,465000,5
MN0300ZZ ,2630032,Minnesota,56649,United States,1993,20427,5
MN0600ZZ ,2630033,Minnesota,55101,United States,1997,9634,5
MO0000AF ,1665524,Missouri,63120,United States,1941,1815167,6
MO0000AG ,2630035,Missouri,63132,United States,1945,1882234,6
MO0022ZZ ,2999314,Missouri,65101,United States,2011,117522,6
MO0039ZZ ,3604334,Missouri,64131,United States,1933,562786,6
MO0050ZZ,1501666,Missouri,64106,United States,1997,722963,6
MO0095ZZ ,2630037,Missouri,63102,United States,2000,1310875,6
MO0106ZZ ,1436668,Missouri,63103,United States,1933,1131929,6
MO0121ZZ ,1813401,Missouri,63401,United States,1966,73575,6
MO0127ZZ ,1278683,Missouri,64106,United States,1965,1239636,6
MO0134ZZ ,1533261,Missouri,64114,United States,1962,200300,6
MO0147ZZ ,1813397,Missouri,63703,United States,2008,163732,6
MS0000AA ,1123272,Mississippi,39501,United States,2004,228292,4
MS0007ZZ ,2999315,Mississippi,39201,United States,1900,0,4
MS0008ZZ ,2630040,Mississippi,39120,United States,1853,23983,4
MS0031ZZ ,2630041,Mississippi,39205,United States,1934,113586,4
MS0065ZZ ,2630043,Mississippi,38701,United States,1959,84824,4
MS0072ZZ,2630044,Mississippi,39401,United States,1985,63281,4
MS0079ZZ ,2630045,Mississippi,38655,United States,1973,91536,4
MS0082ZZ ,2630046,Mississippi,39730,United States,1973,62134,4
MS0083ZZ ,2630047,Mississippi,39269,United States,1979,442443,4
MT0000AD ,2630048,Montana,59411,United States,1939,10920,8
MT0000AE ,2630049,Montana,59411,United States,1933,103474,8
MT0000AF ,2630050,Montana,59256,United States,2003,35239,8
MT0000AG ,2630051,Montana,59917,United States,2002,31304,8
MT0000AW ,2630052,Montana,59542,United States,1992,5547,8
MT0004ZZ ,2280842,Montana,59701,United States,1904,73336,8
MT0017ZZ ,2487884,Montana,59801,United States,1913,129921,8
MT0042ZZ ,2280844,Montana,59501,United States,1965,12271,8
MT0046ZZ ,2280862,Montana,59715,United States,1966,96996,8
MT0050ZZ ,2630055,Montana,59101,United States,2012,146669,8
NC0000AB ,2630056,North Carolina,27601,United States,1969,426031,4
NC0000AE ,2384089,North Carolina,28802,United States,1994,375337,4
NC0011ZZ ,2424315,North Carolina,28360,United States,1935,47932,4
NC0020ZZ,2630058,North Carolina,27909,United States,1985,26684,4
NC0028ZZ ,2630059,North Carolina,27401,United States,1933,128652,4
NC0029ZZ,2630060,North Carolina,27834,United States,1985,13509,4
NC0058ZZ ,2630061,North Carolina,27601,United States,1878,88880,4
NC0072ZZ ,2630062,North Carolina,28677,United States,1939,37102,4
NC0085ZZ ,2423682,North Carolina,28401,United States,1919,64276,4
NC0090ZZ ,2999317,North Carolina,27401,United States,1955,0,4
NC0092ZZ,2384101,North Carolina,28713,United States,1985,34156,4
NC0095ZZ,2384105,North Carolina,28697,United States,1973,38742,4
NC0113ZZ,2630064,North Carolina,27110,United States,1985,349753,4
NC2582ZZ ,2300902,North Carolina,28202,United States,1918,71949,4
ND0000AK,2630065,North Dakota,58833,United States,1990,5879,8
ND0000AL ,2630067,North Dakota,58329,United States,1969,16125,8
ND0000AM ,2630068,North Dakota,58772,United States,1932,14710,8
ND0000AN,2630069,North Dakota,58369,United States,1990,6165,8
ND0000AO ,2630071,North Dakota,58271,United States,1997,40332,8
ND0002ZZ ,2487579,North Dakota,58501,United States,1913,42232,8
ND0006ZZ ,1279,North Dakota,58102,United States,1931,196972,8
ND0008ZZ ,2280894,North Dakota,58201,United States,1937,45510,8
ND0014ZZ ,2630072,North Dakota,58701,United States,1915,39255,8
ND0018ZZ ,2630073,North Dakota,58271,United States,1932,15350,8
ND0032ZZ,2630074,North Dakota,58201,United States,1973,15595,8
ND0037ZZ ,2280788,North Dakota,58501,United States,1964,158121,8
ND0038ZZ ,2630075,North Dakota,58501,United States,1987,0,8
ND0045ZZ ,2630076,North Dakota,58201,United States,1969,9369,8
ND0046ZZ ,1285,North Dakota,58102,United States,1969,227295,8
NE0018ZZ ,1533328,Nebraska,68801,United States,1910,31472,6
NE0036ZZ ,1533071,Nebraska,68102,United States,2000,338473,6
NE0051ZZ ,1813139,Nebraska,68102,United States,1960,428932,6
NE0056ZZ ,1533282,Nebraska,69101,United States,1964,79706,6
NE0531ZZ ,1533055,Nebraska,68508,United States,1975,506389,6
NH0030ZZ ,1295,New Hampshire,03301,United States,1966,114584,1
NH0033ZZ ,2392039,New Hampshire,03561,United States,1969,4777,1
NH0036ZZ ,1296,New Hampshire,03801,United States,1966,108929,1
NH0037ZZ ,1297,New Hampshire,03103,United States,1976,126143,1
NH0038ZZ ,2630077,New Hampshire,03301,United States,1996,200147,1
NJ0000CT ,2474682,New Jersey,08108,United States,1932,275082,2
NJ0000FB ,2472997,New Jersey,08608,United States,1933,326273,2
NJ0056ZZ ,2630078,New Jersey,07102,United States,1920,159001,2
NJ0108ZZ ,1259269,New Jersey,07102,United States,1968,508167,2
NJ0111ZZ ,2630079,New Jersey,07601,United States,1969,15190,2
NJ0114ZZ ,2630080,New Jersey,08302,United States,1970,11744,2
NJ0119ZZ ,2630081,New Jersey,07042,United States,1972,7536,2
NJ0144ZZ ,2630082,New Jersey,07102,United States,1992,354000,2
NJ0145ZZ ,2630083,New Jersey,07508,United States,1991,60231,2
NJ0148ZZ,4185088,New Jersey,12553,United States,2014,7630,2
NJ4622ZZ,4337848,New Jersey,07030,United States,2007,9644,2
NM0000AA ,2630084,New Mexico,87104,United States,1961,81549,7
NM0000AQ ,2630085,New Mexico,87101,United States,1908,74844,7
NM0000CL,2630086,New Mexico,88029,United States,2003,22489,7
NM0000SN ,2630087,New Mexico,87501,United States,1899,184423,7
NM0000ST ,2630088,New Mexico,88008,United States,1997,57422,7
NM0030ZZ ,1567751,New Mexico,87102,United States,1965,347684,7
NM0035ZZ ,2392006,New Mexico,88201,United States,1967,63625,7
NM0037ZZ ,2630090,New Mexico,87102,United States,1970,114700,7
NM0038ZZ ,1931112,New Mexico,87301,United States,1972,75050,7
NM0042ZZ ,1933794,New Mexico,88001,United States,1974,68569,7
NM0047ZZ ,2630091,New Mexico,87501,United States,1978,2465,7
NM0050ZZ ,1566678,New Mexico,87102,United States,1998,325935,7
NM0061ZZ ,2999318,New Mexico,88001,United States,2010,0,7
NM0502ZZ ,2999319,New Mexico,87102,United States,1931,0,7
NV0012ZZ ,2630092,Nevada,89502,United States,1965,133438,9
NV0013ZZ ,1279939,Nevada,89101,United States,1967,209205,9
NV0014ZZ ,1279338,Nevada,89701,United States,1970,51338,9
NV0288ZZ ,1279940,Nevada,89101,United States,1985,160255,9
NV0294ZZ ,1278822,Nevada,89501,United States,1995,206886,9
NV0304ZZ ,1299353,Nevada,89101,United States,2000,454895,9
NY0000AB ,2630093,New York,13607,United States,1974,57504,2
NY0000CB ,2630094,New York,12919,United States,2010,196585,2
NY0000CI,3981443,New York,12920,United States,1985,9440,2
NY0000IY ,2999320,New York,13901,United States,1945,830508,2
NY0000MB ,2999321,New York,13662,United States,2009,95051,2
NY0000OC ,2630096,New York,13669,United States,1810,27317,2
NY0002ZZ ,2414182,New York,12207,United States,1934,230713,2
NY0026ZZ ,2630098,New York,14202,United States,1936,180416,2
NY0059ZZ,2630099,New York,12937,United States,1985,6391,2
NY0128ZZ ,1259993,New York,10014,United States,1929,1013949,2
NY0130ZZ ,1359,New York,10007,United States,1936,730533,2
NY0131ZZ ,2630100,New York,10004,United States,1907,501226,2
NY0196ZZ ,2630102,New York,12979,United States,1933,10455,2
NY0197ZZ ,2630103,New York,12979,United States,1933,18948,2
NY0216ZZ ,2630104,New York,13847,United States,1932,8842,2
NY0218ZZ ,2414170,New York,13501,United States,1928,118680,2
NY0234ZZ ,2630105,New York,11201,United States,1892,565851,2
NY0270ZZ ,2630107,New York,11201,United States,1963,323833,2
NY0281ZZ ,2414177,New York,13261,United States,1979,329839,2
NY0282ZZ ,2423784,New York,10278,United States,1968,2745759,2
NY0300ZZ ,2414220,New York,12207,United States,1975,256954,2
NY0304ZZ ,2414174,New York,14614,United States,1974,264031,2
NY0311ZZ ,2630108,New York,10013,United States,1933,0,2
NY0323ZZ ,2999322,New York,10007,United States,1975,160280,2
NY0349ZZ ,1581942,New York,11432,United States,1989,905040,2
NY0350ZZ ,2630109,New York,10007,United States,1994,938300,2
NY0351ZZ ,1259962,New York,10007,United States,1994,933715,2
NY0353ZZ ,1259977,New York,10601,United States,1995,149472,2
NY0355ZZ ,2630110,New York,11722,United States,2000,1014037,2
NY0369ZZ ,2999323,New York,10017,United States,2010,165637,2
NY0371ZZ,2999324,New York,14202,United States,2012,284674,2
NY0375ZZ ,2630111,New York,13662,United States,2009,95047,2
NY0399ZZ ,2630112,New York,11201,United States,2005,691960,2
NY0586ZZ ,2630113,New York,12920,United States,1933,6340,2
NY0626MI ,2630114,New York,12958,United States,1932,5504,2
NY6448ZZ,4337849,New York,11201,United States,1997,66056,2
NY7013ZZ,4337850,New York,10036,United States,1994,181896,2
NY7035ZZ,4337851,New York,10011,United States,1994,250395,2
NY7044ZZ,4337852,New York,10601,United States,1995,22601,2
NY7138ZZ,4337853,New York,11430,United States,2003,209244,2
NY7160ZZ,4337854,New York,10314,United States,1998,6404,2
NY7282ZZ,4337855,New York,10038,United States,2004,43936,2
NY7288ZZ,4337856,New York,11201,United States,2013,119629,2
NY7321ZZ,4337857,New York,10007,United States,2004,72259,2
NY7346ZZ,4337858,New York,11370,United States,2005,15407,2
NY7370ZZ,4337859,New York,10011,United States,2007,45122,2
NY7402ZZ,4337860,New York,11201,United States,2007,23238,2
NY7503ZZ,4337861,New York,11219,United States,2013,13425,2
OK0000CT ,2630117,Oklahoma,73102,United States,1912,513048,7
OK0000OC ,2630118,Oklahoma,73129,United States,1942,21912,7
OK0039ZZ ,1581968,Oklahoma,74501,United States,1914,24943,7
OK0041ZZ ,1583405,Oklahoma,74401,United States,1915,133565,7
OK0063ZZ ,1577605,Oklahoma,74103,United States,1917,154060,7
OK0074ZZ ,2389905,Oklahoma,73501,United States,1917,27799,7
OK0101ZZ ,1582249,Oklahoma,73102,United States,2003,180767,7
OR0000MM ,2630119,Oregon,97501,United States,1993,5621,10
OR0000PT ,2630120,Oregon,97060,United States,1945,51570,10
OR0018ZZ ,2630121,Oregon,97501,United States,1916,33804,10
OR0023ZZ ,1406932,Oregon,97205,United States,1933,205338,10
OR0024ZZ ,20621,Oregon,97204,United States,1875,56282,10
OR0033PE ,20624,Oregon,97232,United States,1953,312447,10
OR0043ZZ ,20005,Oregon,97204,United States,1975,449418,10
OR0045ZZ ,20627,Oregon,97814,United States,1969,58599,10
OR0051ZZ ,2630122,Oregon,97401,United States,1974,111697,10
OR0052ZZ ,18503,Oregon,97205,United States,1997,591692,10
OR0053ZZ ,1400169,Oregon,97401,United States,2006,270325,10
PA0000AT ,2474727,Pennsylvania,19144,United States,1998,449021,3
PA0000BG ,1134770,Pennsylvania,19106,United States,1970,1709559,3
PA0000ER ,2399705,Pennsylvania,16501,United States,1938,172531,3
PA0000NC ,2630123,Pennsylvania,18503,United States,1931,334867,3
PA0143ZZ ,1299442,Pennsylvania,19107,United States,1937,395730,3
PA0144ZZ ,1297698,Pennsylvania,19106,United States,1934,561551,3
PA0158ZZ ,2399391,Pennsylvania,15219,United States,1934,739902,3
PA0233ZZ ,2399398,Pennsylvania,15222,United States,1964,771244,3
PA0235ZZ ,2630124,Pennsylvania,17701,United States,1976,81308,3
PA0260ZZ ,2630125,Pennsylvania,17201,United States,1972,6829,3
PA0261ZZ ,2630126,Pennsylvania,15601,United States,1971,9870,3
PA0267ZZ ,2399399,Pennsylvania,17108,United States,1966,252280,3
PA0276ZZ ,2630127,Pennsylvania,18201,United States,1972,8413,3
PA0280ZZ ,2720,Pennsylvania,15230,United States,1970,12282,3
PA0588ZZ ,2630128,Pennsylvania,18105,United States,1995,94069,3
PR0000FP ,2999327,Puerto Rico,00934,United States,1945,85639,2
PR0003ZZ ,2630129,Puerto Rico,00901,United States,1914,125050,2
PR0017ZZ ,1260020,Puerto Rico,00918,United States,1974,15249,2
PR0023ZZ ,3609952,Puerto Rico,00918,United States,1900,0,2
RI0009ZZ ,1539,Rhode Island,02903,United States,1908,118870,1
RI0010ZZ ,1540,Rhode Island,02903,United States,1940,113112,1
SC0000AA,2406709,South Carolina,29201,United States,1985,476363,4
SC0000AC,2630130,South Carolina,29401,United States,1897,92537,4
SC0002ZZ,2630131,South Carolina,29801,United States,1985,14566,4
SC0004ZZ,2630132,South Carolina,29621,United States,1985,31806,4
SC0010ZZ,2630133,South Carolina,29201,United States,2004,213305,4
SC0011ZZ,2630134,South Carolina,29403,United States,1879,57577,4
SC0013ZZ,2406547,South Carolina,29201,United States,2002,323000,4
SC0018ZZ,2630135,South Carolina,29201,United States,1973,58135,4
SC0020ZZ ,2630136,South Carolina,29201,United States,1952,94361,4
SC0028ZZ,1549,South Carolina,29601,United States,1973,86013,4
SC0041ZZ,2630137,South Carolina,29301,United States,1973,55417,4
SC0058ZZ,2630138,South Carolina,29501,United States,1985,110891,4
SC2039ZZ ,2822500,South Carolina,29902,United States,1970,14653,4
SC2046ZZ ,2822475,South Carolina,29401,United States,1970,50888,4
SD0021ZZ ,2280760,South Dakota,57104,United States,1895,78043,8
SD0034ZZ ,2280860,South Dakota,57501,United States,1965,104782,8
SD0035ZZ ,2280762,South Dakota,57701,United States,1973,74505,8
SD0038ZZ ,1563,South Dakota,57350,United States,1977,94375,8
SD0040ZZ ,1564,South Dakota,57401,United States,1973,166847,8
TN0000AA ,2265559,Tennessee,37203,United States,1952,619147,4
TN0004ZZ,2630140,Tennessee,37902,United States,1995,374416,4
TN0006ZZ ,2630141,Tennessee,37403,United States,1933,150072,4
TN0010ZZ ,2630142,Tennessee,38401,United States,1941,38626,4
TN0011ZZ ,2630143,Tennessee,38501,United States,1916,24872,4
TN0012ZZ ,2377004,Tennessee,37745,United States,2001,160974,4
TN0016ZZ ,2630144,Tennessee,37243,United States,2010,0,4
TN0021ZZ ,2999328,Tennessee,37902,United States,1900,0,4
TN0029ZZ ,2630145,Tennessee,38301,United States,1932,65430,4
TN0076ZZ,1056461,Tennessee,37901,United States,1989,172684,4
TN0088ZZ ,2630146,Tennessee,38103,United States,1963,494153,4
TN0096ZZ ,2630148,Tennessee,37398,United States,1966,44729,4
TX0000AT ,2630149,Texas,78741,United States,1967,378919,7
TX0000AU ,18001,Texas,78701,United States,1965,449550,7
TX0000BM ,2630150,Texas,78520,United States,1991,44348,7
TX0000BN ,2630151,Texas,78520,United States,1969,79142,7
TX0000CB ,2630152,Texas,78040,United States,1991,163862,7
TX0000CR ,2630153,Texas,78852,United States,1999,73000,7
TX0000CV ,2630154,Texas,78040,United States,1943,59598,7
TX0000DA ,2406855,Texas,75242,United States,1925,1416566,7
TX0000DL ,2630155,Texas,78840,United States,2003,117953,7
TX0000DO ,2999329,Texas,78537,United States,1900,0,7
TX0000DR ,2630157,Texas,78840,United States,1964,12982,7
TX0000EL ,2630158,Texas,79905,United States,2002,181503,7
TX0000EP ,2630159,Texas,78852,United States,1960,84139,7
TX0000ES ,2630160,Texas,79901,United States,1999,8698,7
TX0000FB ,2630161,Texas,79838,United States,2007,10889,7
TX0000FH,2630162,Texas,79839,United States,2003,5849,7
TX0000FW ,2630163,Texas,76115,United States,1942,1374683,7
TX0000HD ,2630164,Texas,78557,United States,1982,74401,7
TX0000HF ,2999330,Texas,77092,United States,2005,527662,7
TX0000HO ,2630165,Texas,77001,United States,1946,81475,7
TX0000JL ,2630166,Texas,78040,United States,1975,214920,7
TX0000LI ,2630167,Texas,78567,United States,1992,106146,7
TX0000LR ,2630169,Texas,78040,United States,1970,26666,7
TX0000LT ,2630170,Texas,78521,United States,1996,123715,7
TX0000LW ,2999331,Texas,78045,United States,1900,0,7
TX0000MA ,2630171,Texas,78501,United States,1972,30259,7
TX0000MC ,2630172,Texas,78501,United States,2009,54337,7
TX0000MD ,1594,Texas,79701,United States,1970,123719,7
TX0000MF ,2630173,Texas,79843,United States,1991,28844,7
TX0000NW ,2630174,Texas,78043,United States,2000,180344,7
TX0000PD ,2630175,Texas,79845,United States,2002,45543,7
TX0000PH ,2630176,Texas,78577,United States,1996,134732,7
TX0000PN ,2630177,Texas,79901,United States,1967,121328,7
TX0000PR ,2630179,Texas,78579,United States,1983,31291,7
TX0000RM ,2630180,Texas,78584,United States,1989,41259,7
TX0000RY ,2630181,Texas,78582,United States,2001,49654,7
TX0000SA ,2630182,Texas,78204,United States,1914,13479,7
TX0000TG,4428021,Texas,79853,United States,2015,95942,7
TX0000TY ,2630183,Texas,75701,United States,1934,108739,7
TX0000YS ,2630184,Texas,79907,United States,1991,184680,7
TX0006ZZ ,2390728,Texas,79101,United States,1939,68177,7
TX0012ZZ ,1726921,Texas,78701,United States,1935,63264,7
TX0019ZZ ,2393761,Texas,77701,United States,1934,158999,7
TX0057ZZ ,1527740,Texas,75202,United States,1930,254768,7
TX0069ZZ ,1970124,Texas,79901,United States,1936,125532,7
TX0075ZZ ,1526958,Texas,76102,United States,1933,134318,7
TX0081ZZ ,1494449,Texas,77550,United States,1937,128373,7
TX0101ZZ ,1493223,Texas,77002,United States,1911,166991,7
TX0117ZZ ,1586,Texas,78040,United States,1906,58819,7
TX0126ZZ ,2393639,Texas,75901,United States,1935,24432,7
TX0130ZZ ,1974208,Texas,75670,United States,1914,18195,7
TX0163ZZ ,2394404,Texas,76903,United States,1911,54534,7
TX0164ZZ ,1555207,Texas,78205,United States,1937,283693,7
TX0185ZZ ,1943108,Texas,77901,United States,1960,71644,7
TX0200ZZ ,1979401,Texas,75201,United States,1975,11282,7
TX0210ZZ ,1959421,Texas,75090,United States,1907,34822,7
TX0211ZZ ,1493066,Texas,77002,United States,1962,538700,7
TX0224ZZ ,1526908,Texas,76102,United States,1966,711867,7
TX0230ZZ ,1972272,Texas,79401,United States,1971,182810,7
TX0231ZZ ,1619510,Texas,78061,United States,1973,9471,7
TX0247ZZ ,1600,Texas,76102,United States,1973,7980,7
TX0272ZZ ,2424885,Texas,79901,United States,1985,199621,7
TX0292ZZ ,1527775,Texas,75202,United States,1972,198258,7
TX0297ZZ ,1492832,Texas,77074,United States,1985,245199,7
TX0298ZZ,1493850,Texas,77002,United States,1989,550755,7
TX0302ZZ ,1528764,Texas,75234,United States,1983,351253,7
TX0311ZZ ,1942281,Texas,78040,United States,2004,138741,7
TX0313ZZ ,1929703,Texas,78401,United States,2001,172003,7
TX0316ZZ ,1506542,Texas,78520,United States,1999,189225,7
TX0319ZZ ,2999332,Texas,79901,United States,2008,277632,7
TX0397ZZ,3509146,Texas,78701,United States,2013,250995,7
TX0400ZZ ,2630185,Texas,77092,United States,2009,0,7
TX0441ZZ,3362008,Texas,78205,United States,2012,0,7
TX0501HS,1556004,Texas,78206,United States,1985,180230,7
TX0502HS ,1590773,Texas,78206,United States,1968,144284,7
TX0503HS ,2630186,Texas,78206,United States,1968,20459,7
TX0701HO ,1493590,Texas,77004,United States,1946,78710,7
TX0999NW ,3609953,Texas,78040,United States,1900,0,7
TX0999ZZ ,2630187,Texas,78040,United States,1995,2016,7
TX1514ZZ ,2019021,Texas,76701,United States,1935,142110,7
UT0010ZZ ,2280794,Utah,84401,United States,1933,53145,8
UT0014ZZ ,1621,Utah,84601,United States,1938,29480,8
UT0017ZZ ,2280840,Utah,84101,United States,1932,234288,8
UT0018ZZ,4095195,Utah,84101,United States,2014,401209,8
UT0032ZZ ,2280796,Utah,84138,United States,1963,353153,8
UT0035ZZ ,2280798,Utah,84401,United States,1965,206346,8
UT0037ZZ ,2630190,Utah,84111,United States,1966,7035,8
UT0039ZZ ,1626,Utah,84601,United States,1971,6395,8
UT0042ZZ ,2630191,Utah,84770,United States,1967,10163,8
VA0000AN ,2630192,Virginia,22150,United States,1953,1373687,4
VA0000CT ,2223697,Virginia,23219,United States,1858,313589,4
VA0002ZZ ,2630193,Virginia,24210,United States,1959,37087,4
VA0003ZZ ,2630194,Virginia,22309,United States,1931,63518,4
VA0020ZZ ,2630195,Virginia,24219,United States,1913,28783,4
VA0034ZZ ,2630196,Virginia,24541,United States,1934,47000,4
VA0034ZZ,4041005,Virginia,24541,United States,2001,40000,4
VA0053ZZ,2250194,Virginia,23501,United States,1985,30890,4
VA0054ZZ ,2630197,Virginia,23501,United States,1934,216792,4
VA0087ZZ ,2630198,Virginia,23704,United States,1961,147461,4
VA0088ZZ ,2630199,Virginia,23219,United States,1962,365041,4
VA0095ZZ ,2436896,Virginia,24011,United States,1975,341289,4
VA0321ZZ ,2630200,Virginia,22312,United States,1995,348850,4
VA0578ZZ ,2222937,Virginia,23219,United States,2008,364827,4
VA0686ZZ ,2249780,Virginia,22801,United States,1939,62085,4
VA0719ZZ ,2249767,Virginia,24504,United States,2005,64523,4
VA1608ZZ ,2630201,Virginia,23501,United States,1976,219417,4
VI0007ZZ ,2630202,Virgin Islands of the U.S.,00801,United States,1977,93417,2
VI0008ZZ ,2630203,Virgin Islands of the U.S.,00820,United States,1992,76227,2
VT0000BD,2392051,Vermont,05830,United States,1985,15691,1
VT0000BH,3981450,Vermont,05460,United States,1985,46299,1
VT0000BN,2630204,Vermont,05907,United States,1985,8184,1
VT0000BP ,2630206,Vermont,05823,United States,1937,3638,1
VT0000BS,2397740,Vermont,05440,United States,1985,3702,1
VT0000BT ,2630207,Vermont,05859,United States,1937,14925,1
VT0000PD,2630209,Vermont,05830,United States,1985,16898,1
VT0002ZZ ,2397749,Vermont,05902,United States,1932,8970,1
VT0007ZZ,2397712,Vermont,05903,United States,1985,5856,1
VT0008ZZ,2397742,Vermont,05476,United States,1986,8714,1
VT0014ZZ,2630210,Vermont,05476,United States,1985,7895,1
VT0018ZZ ,1679,Vermont,05478,United States,1938,65854,1
VT0020SW ,3478839,Vermont,05488,United States,1900,11493,1
VT0024ZZ,1681,Vermont,05401,United States,1973,147860,1
VT0026ZZ ,1682,Vermont,05602,United States,1964,73261,1
VT0028ZZ ,1683,Vermont,05452,United States,1972,12468,1
VT0029SW ,3478840,Vermont,05488,United States,1900,0,1
VT0034ZZ,1684,Vermont,05602,United States,1985,6803,1
VT0035ZZ ,1685,Vermont,05401,United States,1972,8002,1
VT0052BH ,2392070,Vermont,05460,United States,1973,2306,1
VT0057BH ,2397705,Vermont,05460,United States,1997,24051,1
VT0059BH ,2630211,Vermont,05460,United States,2005,9241,1
VT0756BT,2999333,Vermont,05859,United States,2004,8001,1
VT0851BW ,2630208,Vermont,05457,United States,1985,7439,1
WA0000BN ,2630230,Washington,98230,United States,1999,97431,10
WA0000FB ,2630214,Washington,99118,United States,1937,5000,10
WA0000KC,20635,Washington,98134,United States,1973,624463,10
WA0000KF ,2630217,Washington,98001,United States,1970,1442040,10
WA0000MB ,2630219,Washington,99153,United States,1932,10546,10
WA0000OB ,2630220,Washington,98844,United States,2003,68822,10
WA0028ZZ ,2630223,Washington,98362,United States,1985,22569,10
WA0035ZZ ,20646,Washington,98104,United States,1940,189305,10
WA0036ZZ ,20647,Washington,98174,United States,1933,284605,10
WA0045ZZ ,20649,Washington,99201,United States,1904,160293,10
WA0053ZZ ,20650,Washington,98901,United States,1912,58282,10
WA0059ZZ ,2630224,Washington,98115,United States,1946,187754,10
WA0063ZZ ,18430,Washington,99352,United States,1965,386561,10
WA0064ZZ ,18816,Washington,99201,United States,1967,301915,10
WA0066BP ,2630225,Washington,98230,United States,1966,11847,10
WA0067BP ,2630226,Washington,98230,United States,1991,4074,10
WA0082ZZ ,18332,Washington,98801,United States,1973,104414,10
WA0089HQ ,2630227,Washington,99218,United States,1966,12544,10
WA0094ZZ ,2630228,Washington,98660,United States,1966,21725,10
WA0101ZZ ,18149,Washington,98174,United States,1973,865147,10
WA0102ZZ ,1237262,Washington,98101,United States,2004,679979,10
WA0118ZZ ,18148,Washington,98041,United States,1988,61264,10
WA0119PR ,2630229,Washington,98281,United States,1998,26422,10
WA0122HQ ,2630231,Washington,99218,United States,1997,6994,10
WA0132PA ,20632,Washington,98230,United States,2010,51782,10
WA0141BP ,2630232,Washington,98230,United States,2006,5000,10
WA0148ZZ,3981451,Washington,98104,United States,2013,86800,10
WA0540YB ,20640,Washington,98264,United States,1986,17362,10
WA0550DV ,20633,Washington,98121,United States,1988,5000,10
WA0601LB ,20636,Washington,99146,United States,1936,6100,10
WA0653SB ,20639,Washington,98295,United States,1990,22013,10
WA0811KA ,20653,Washington,98001,United States,1961,104508,10
WA0831KF ,2314920,Washington,98001,United States,2006,205535,10
WA7587ZZ ,18147,Washington,98402,United States,1911,187094,10
WI0016ZZ ,1165560,Wisconsin,54701,United States,1909,29481,5
WI0044ZZ ,1165568,Wisconsin,53202,United States,1899,475879,5
WI0095ZZ ,2630234,Wisconsin,54901,United States,1972,5625,5
WI0096ZZ ,2410805,Wisconsin,53405,United States,1972,7715,5
WI0098ZZ ,2410798,Wisconsin,53081,United States,1972,5340,5
WI0350ZZ ,1582459,Wisconsin,53705,United States,1984,74528,5
WV0000WH ,2630235,West Virginia,26003,United States,1907,202449,3
WV0003ZZ ,2630236,West Virginia,24701,United States,1908,42945,3
WV0010ZZ ,2630237,West Virginia,26241,United States,1937,32437,3
WV0030ZZ ,2630238,West Virginia,26101,United States,1963,175208,3
WV0050ZZ ,2630239,West Virginia,25880,United States,1959,40325,3
WV0053ZZ ,2630240,West Virginia,25401,United States,1961,75300,3
WV0054FP ,2630241,West Virginia,25700,United States,1958,231542,3
WV0057ZZ ,2630242,West Virginia,26651,United States,1966,11649,3
WV0163ZZ ,2436904,West Virginia,25301,United States,1998,447612,3
WV0171ZZ ,2630244,West Virginia,25801,United States,1999,190358,3
WV0226ZZ,2436910,West Virginia,25401,United States,2000,168970,3
WV1251ZZ ,2630245,West Virginia,26241,United States,1974,53550,3
WY0003ZZ ,2999336,Wyoming,82601,United States,1932,57605,8
WY0004ZZ ,2280774,Wyoming,82001,United States,1933,33740,8
WY0029ZZ ,2280806,Wyoming,82001,United States,1964,179201,8
WY0030ZZ ,2280867,Wyoming,82601,United States,1970,130049,8
WY0034ZZ ,2630246,Wyoming,82001,United States,1970,1000,8
WY0035ZZ ,3236645,Wyoming,83001,United States,1980,3899,8
